Workbook

Sheet X「2023訂單資訊含入庫日」含阿爾卑斯
A1: 訂單編號 | B1: 產品代號 | C1: 產品名稱 | D1: 訂單數量 | E1: 到客戶 倉庫日 | F1: 原料齊料點 | G1: 物料齊料點 | H1: 充填量(g) | I1: 生產公斤數(kg) | J1: 需求批次 | K1: 製程設備 | L1: 預攪 | M1: 攪料 | N1: 清洗 | O1: 預攪 人數 | P1: 攪料 人數 | Q1: 清洗 人數 | R1: 前置 pcs/hr | S1: 洗瓶 pcs/hr | T1: 排瓶 pcs/hr | U1: 充填 pcs/hr | V1: 後加工 pcs/hr | W1: 前置人數 | X1: 洗瓶人數 | Y1: 排瓶人數 | Z1: 充填人數 | AA1: 後加工人數 | AB1: 入庫日 | AC1: 工單單號 | AD1: 訂單編號 | AE1: 核心碼SN
A2: 2201-22101300004-0001 | B2: MEU21D5B1P | C2: 3%傳明酸美白精華5ML | D2: 10000 | E2: 44909 | F2: 44862 | G2: 44876 | H2: 4.9 | I2: 50 | J2: 1 | K2: 精 | L2: 25 | M2: 70 | N2: 15 | O2: 1 | P2: 1 | Q2: 1 | R2: 0 | S2: 0 | T2: 1600 | U2: 1000 | V2: 0 | W2: 0 | X2: 0 | Y2: 1 | Z2: 4 | AA2: 0 | AB2: 45266
A3: 2201-23031600003-0001 | B3: MDD20D1K1N | C3: 10%杏仁酸精華100ml | D3: 70 | E3: 45051 | F3: 45027 | G3: 45001 | H3: 99.1 | I3: 7 | J3: 1 | K3: 精 | L3: 65 | M3: 65 | N3: 20 | O3: 1 | P3: 1 | Q3: 1 | R3: 0 | S3: 0 | T3: 1000 | U3: 390 | V3: 0 | W3: 0 | X3: 0 | Y3: 1 | Z3: 4 | AA3: 0 | AB3: 45051
A4: 2201-22111500001-0002 | B4: MEU21C1D2P | C4: 杜鵑花酸亮白化妝水15ML | D4: 10000 | E4: 44998 | F4: 44915 | G4: 44960 | H4: 11.7 | I4: 117 | J4: 1 | K4: 大 | L4: 70 | M4: 70 | N4: 30 | O4: 1 | P4: 1 | Q4: 1 | R4: 0 | S4: 0 | T4: 1100 | U4: 820 | V4: 0 | W4: 0 | X4: 0 | Y4: 1 | Z4: 4 | AA4: 0 | AB4: 44991
A5: 2201-22111500001-0001 | B5: MEU21C1D2P | C5: 杜鵑花酸亮白化妝水15ML | D5: 184 | E5: 44998 | F5: 44915 | G5: 44960 | H5: 11.7 | I5: 3 | J5: 1 | K5: 大 | L5: 70 | M5: 70 | N5: 30 | O5: 1 | P5: 1 | Q5: 1 | R5: 0 | S5: 0 | T5: 1100 | U5: 820 | V5: 0 | W5: 0 | X5: 0 | Y5: 1 | Z5: 4 | AA5: 0 | AB5: 44966
A6: 2201-23031700003-0001 | B6: PN1UVH7F2P | C6: 水感全效防曬乳 SPF50+/★★★★ | D6: 6000 | E6: 45058 | F6: 45027 | G6: 45002 | H6: 30 | I6: 180 | J6: 3 | K6: 精 | L6: 35 | M6: 125 | N6: 15 | O6: 1 | P6: 1 | Q6: 1 | R6: 0 | S6: 0 | T6: 0 | U6: 750 | V6: 0 | W6: 0 | X6: 0 | Y6: 0 | Z6: 4 | AA6: 0 | AB6: 45043
A7: 2201-22120900002-0012 | B7: PN1CAE2H1P | C7: 積雪草B5密集護理霜50ml | D7: 3783 | E7: 45061 | F7: 44959 | G7: 44974 | H7: 42.5 | I7: 161 | J7: 4 | K7: 小乳 | L7: 40 | M7: 140 | N7: 60 | O7: 1 | P7: 1 | Q7: 1 | R7: 0 | S7: 0 | T7: 0 | U7: 420 | V7: 0 | W7: 0 | X7: 0 | Y7: 0 | Z7: 3 | AA7: 0 | AB7: 45026
A8: 2201-23022200003-0001 | B8: MAA17Z1K2P | C8: ​天然草本精油驅蚊噴液90ML | D8: 2544 | E8: 45063 | F8: 45022 | G8: 44979 | H8: 90 | I8: 229 | J8: 1 | K8: 大 | L8: 50 | M8: 90 | N8: 30 | O8: 1 | P8: 1 | Q8: 1 | R8: 0 | S8: 0 | T8: 1 | U8: 900 | V8: 0 | W8: 0 | X8: 0 | Y8: 1 | Z8: 4 | AA8: 0 | AB8: 45040
A9: 2201-23021600002-0001 | B9: MDJ20H1F1P | C9: 馨朵拉純物理嬰兒防曬乳(SPF30 PA***) 30ml | D9: 2000 | E9: 45054 | F9: 45015 | G9: 44973 | H9: 31.45 | I9: 63 | J9: 2 | K9: 小乳 | L9: 75 | M9: 165 | N9: 90 | O9: 1 | P9: 1 | Q9: 1 | R9: 0 | S9: 0 | T9: 0 | U9: 800 | V9: 0 | W9: 0 | X9: 0 | Y9: 0 | Z9: 3 | AA9: 0 | AB9: 45030
A10: 2201-22060900003-0001 | B10: MEU22D2B1P | C10: 8%杏仁酸淨痘精華5ML | D10: 10000 | E10: 45055 | F10: 44987 | G10: 44939 | H10: 5 | I10: 50 | J10: 1 | K10: 精 | L10: 20 | M10: 80 | N10: 25 | O10: 1 | P10: 1 | Q10: 1 | R10: 0 | S10: 0 | T10: 1 | U10: 1 | V10: 0 | W10: 0 | X10: 0 | Y10: 1 | Z10: 4 | AA10: 0 | AB10: 45044
A11: 2201-22122700001-0001 | B11: MEU22A1K1P | C11: 黃金蠟菊淨白潔顏露100ml | D11: 10000 | E11: 44986 | F11: 44959 | G11: 44922 | H11: 100 | I11: 1000 | J11: 3 | K11: 大 | L11: 25 | M11: 320 | N11: 50 | O11: 1 | P11: 1 | Q11: 1 | R11: 0 | S11: 0 | T11: 460 | U11: 470 | V11: 0 | W11: 0 | X11: 0 | Y11: 1 | Z11: 3 | AA11: 0 | AB11: 44981
A12: 2201-23021700002-0001 | B12: PN1CAE1D1N | C12: 積雪草B5修護純粹凝乳 | D12: 3100 | E12: 45061 | F12: 44973 | G12: 45044 | H12: 15 | I12: 47 | J12: 1 | K12: 精 | L12: 0 | M12: 90 | N12: 15 | O12: 1 | P12: 1 | Q12: 1 | R12: 0 | S12: 0 | T12: 0 | U12: 1000 | V12: 0 | W12: 0 | X12: 0 | Y12: 0 | Z12: 4 | AA12: 0 | AB12: 45054
A13: 2201-22120900003-0012 | B13: PN1VCD3F1P | C13: 極透光亮白淡斑精華30ML | D13: 15000 | E13: 45161 | F13: 44973 | G13: 45028 | H13: 30.6 | I13: 460 | J13: 5 | K13: 精 | L13: 100 | M13: 115 | N13: 50 | O13: 1 | P13: 1 | Q13: 1 | R13: 0 | S13: 554 | T13: 1235 | U13: 800 | V13: 0 | W13: 0 | X13: 1 | Y13: 1 | Z13: 3 | AA13: 0 | AB13: 45118
... A133: 2201-23071400002-0001 | B133: MHM23D2F1P | C133: 芙木之光超能A醇煥顏精華液30ML | D133: 2000 | E133: 45166 | F133: 45142 | G133: 45155 | H133: 30.2 | I133: 61 | J133: 1 | K133: 精 | L133: 25 | M133: 110 | N133: 15 | O133: 1 | P133: 1 | Q133: 1 | R133: 0 | S133: 0 | T133: 1 | U133: 950 | V133: 0 | W133: 0 | X133: 0 | Y133: 1 | Z133: 4 | AA133: 0 | AB133: 45156

Sheet X2023訂單資訊含入庫日
A1: 訂單編號 | B1: 產品代號 | C1: 產品名稱 | D1: 訂單數量 | E1: 到客戶 倉庫日 | F1: 原料齊料點 | G1: 物料齊料點 | H1: 充填量(g) | I1: 生產公斤數(kg) | J1: 需求批次 | K1: 製程設備 | L1: 預攪 | M1: 攪料 | N1: 清洗 | O1: 預攪 人數 | P1: 攪料 人數 | Q1: 清洗 人數 | R1: 前置 pcs/hr | S1: 洗瓶 pcs/hr | T1: 排瓶 pcs/hr | U1: 充填 pcs/hr | V1: 後加工 pcs/hr | W1: 前置人數 | X1: 洗瓶人數 | Y1: 排瓶人數 | Z1: 充填人數 | AA1: 後加工人數 | AB1: 入庫日
A2: 2201-22101300004-0001 | B2: MEU21D5B1P | C2: 3%傳明酸美白精華5ML | D2: 10000 | E2: 44909 | F2: 44862 | G2: 44876 | H2: 4.9 | I2: 50 | J2: 1 | K2: 精 | L2: 25 | M2: 70 | N2: 15 | O2: 1 | P2: 1 | Q2: 1 | R2: 0 | S2: 0 | T2: 1600 | U2: 1000 | V2: 0 | W2: 0 | X2: 0 | Y2: 1 | Z2: 4 | AA2: 0 | AB2: 45266
A3: 2201-23031600003-0001 | B3: MDD20D1K1N | C3: 10%杏仁酸精華100ml | D3: 70 | E3: 45051 | F3: 45027 | G3: 45001 | H3: 99.1 | I3: 7 | J3: 1 | K3: 精 | L3: 65 | M3: 65 | N3: 20 | O3: 1 | P3: 1 | Q3: 1 | R3: 0 | S3: 0 | T3: 1000 | U3: 390 | V3: 0 | W3: 0 | X3: 0 | Y3: 1 | Z3: 4 | AA3: 0 | AB3: 45051
A4: 2201-22111500001-0002 | B4: MEU21C1D2P | C4: 杜鵑花酸亮白化妝水15ML | D4: 10000 | E4: 44998 | F4: 44915 | G4: 44960 | H4: 11.7 | I4: 117 | J4: 1 | K4: 大 | L4: 70 | M4: 70 | N4: 30 | O4: 1 | P4: 1 | Q4: 1 | R4: 0 | S4: 0 | T4: 1100 | U4: 820 | V4: 0 | W4: 0 | X4: 0 | Y4: 1 | Z4: 4 | AA4: 0 | AB4: 44991
A5: 2201-22111500001-0001 | B5: MEU21C1D2P | C5: 杜鵑花酸亮白化妝水15ML | D5: 184 | E5: 44998 | F5: 44915 | G5: 44960 | H5: 11.7 | I5: 3 | J5: 1 | K5: 大 | L5: 70 | M5: 70 | N5: 30 | O5: 1 | P5: 1 | Q5: 1 | R5: 0 | S5: 0 | T5: 1100 | U5: 820 | V5: 0 | W5: 0 | X5: 0 | Y5: 1 | Z5: 4 | AA5: 0 | AB5: 44966
A6: 2201-23031700003-0001 | B6: PN1UVH7F2P | C6: 水感全效防曬乳 SPF50+/★★★★ | D6: 6000 | E6: 45058 | F6: 45027 | G6: 45002 | H6: 30 | I6: 180 | J6: 3 | K6: 精 | L6: 35 | M6: 125 | N6: 15 | O6: 1 | P6: 1 | Q6: 1 | R6: 0 | S6: 0 | T6: 0 | U6: 750 | V6: 0 | W6: 0 | X6: 0 | Y6: 0 | Z6: 4 | AA6: 0 | AB6: 45043
A7: 2201-22120900002-0012 | B7: PN1CAE2H1P | C7: 積雪草B5密集護理霜50ml | D7: 3783 | E7: 45061 | F7: 44959 | G7: 44974 | H7: 42.5 | I7: 161 | J7: 4 | K7: 小乳 | L7: 40 | M7: 140 | N7: 60 | O7: 1 | P7: 1 | Q7: 1 | R7: 0 | S7: 0 | T7: 0 | U7: 420 | V7: 0 | W7: 0 | X7: 0 | Y7: 0 | Z7: 3 | AA7: 0 | AB7: 45026
A8: 2201-23022200003-0001 | B8: MAA17Z1K2P | C8: ​天然草本精油驅蚊噴液90ML | D8: 2544 | E8: 45063 | F8: 45022 | G8: 44979 | H8: 90 | I8: 229 | J8: 1 | K8: 大 | L8: 50 | M8: 90 | N8: 30 | O8: 1 | P8: 1 | Q8: 1 | R8: 0 | S8: 0 | T8: 1 | U8: 900 | V8: 0 | W8: 0 | X8: 0 | Y8: 1 | Z8: 4 | AA8: 0 | AB8: 45040
A9: 2201-23021600002-0001 | B9: MDJ20H1F1P | C9: 馨朵拉純物理嬰兒防曬乳(SPF30 PA***) 30ml | D9: 2000 | E9: 45054 | F9: 45015 | G9: 44973 | H9: 31.45 | I9: 63 | J9: 2 | K9: 小乳 | L9: 75 | M9: 165 | N9: 90 | O9: 1 | P9: 1 | Q9: 1 | R9: 0 | S9: 0 | T9: 0 | U9: 800 | V9: 0 | W9: 0 | X9: 0 | Y9: 0 | Z9: 3 | AA9: 0 | AB9: 45030
A10: 2201-22060900003-0001 | B10: MEU22D2B1P | C10: 8%杏仁酸淨痘精華5ML | D10: 10000 | E10: 45055 | F10: 44987 | G10: 44939 | H10: 5 | I10: 50 | J10: 1 | K10: 精 | L10: 20 | M10: 80 | N10: 25 | O10: 1 | P10: 1 | Q10: 1 | R10: 0 | S10: 0 | T10: 1 | U10: 1 | V10: 0 | W10: 0 | X10: 0 | Y10: 1 | Z10: 4 | AA10: 0 | AB10: 45044
A11: 2201-22122700001-0001 | B11: MEU22A1K1P | C11: 黃金蠟菊淨白潔顏露100ml | D11: 10000 | E11: 44986 | F11: 44959 | G11: 44922 | H11: 100 | I11: 1000 | J11: 3 | K11: 大 | L11: 25 | M11: 320 | N11: 50 | O11: 1 | P11: 1 | Q11: 1 | R11: 0 | S11: 0 | T11: 460 | U11: 470 | V11: 0 | W11: 0 | X11: 0 | Y11: 1 | Z11: 3 | AA11: 0 | AB11: 44981
A12: 2201-23021700002-0001 | B12: PN1CAE1D1N | C12: 積雪草B5修護純粹凝乳 | D12: 3100 | E12: 45061 | F12: 44973 | G12: 45044 | H12: 15 | I12: 47 | J12: 1 | K12: 精 | L12: 0 | M12: 90 | N12: 15 | O12: 1 | P12: 1 | Q12: 1 | R12: 0 | S12: 0 | T12: 0 | U12: 1000 | V12: 0 | W12: 0 | X12: 0 | Y12: 0 | Z12: 4 | AA12: 0 | AB12: 45054
A13: 2201-22120900003-0012 | B13: PN1VCD3F1P | C13: 極透光亮白淡斑精華30ML | D13: 15000 | E13: 45161 | F13: 44973 | G13: 45028 | H13: 30.6 | I13: 460 | J13: 5 | K13: 精 | L13: 100 | M13: 115 | N13: 50 | O13: 1 | P13: 1 | Q13: 1 | R13: 0 | S13: 554 | T13: 1235 | U13: 800 | V13: 0 | W13: 0 | X13: 1 | Y13: 1 | Z13: 3 | AA13: 0 | AB13: 45118
... A132: 2201-23071400002-0001 | B132: MHM23D2F1P | C132: 芙木之光超能A醇煥顏精華液30ML | D132: 2000 | E132: 45166 | F132: 45142 | G132: 45155 | H132: 30.2 | I132: 61 | J132: 1 | K132: 精 | L132: 25 | M132: 110 | N132: 15 | O132: 1 | P132: 1 | Q132: 1 | R132: 0 | S132: 0 | T132: 1 | U132: 950 | V132: 0 | W132: 0 | X132: 0 | Y132: 1 | Z132: 4 | AA132: 0 | AB132: 45156

Sheet 機器限制
A1: 製造效能（已更新） | G1: 製造效能表中的機器組合： | I1: 充填效能表中的機器組合：
A2: 機器 | B2: 台數 | C2: 別稱 | D2: 可以做的攪料程序 | E2: 可以做的製造類型 | G2: =IFERROR(__xludf.DUMMYFUNCTION("SORT(UNIQUE(FILTER(FLATTEN(ARRAYFORMULA(IFERROR(SPLIT(REGEXEXTRACT(FLATTEN(SPLIT('製造效能'!F:F, ""、"")), ""\[(.*?)\]""), ""&"")))), FLATTEN(ARRAYFORMULA(IFERROR(SPLIT(REGEXEXTRACT(FLATTEN(SPLIT('製造效能'!F:F, ""、"")), ""\[(.*?)\]""), ""&"")))) <> """"))) "),"100L升溫桶槽x1") -> 100L升溫桶槽x1 | I2: =IFERROR(__xludf.DUMMYFUNCTION("SORT(UNIQUE(FILTER(FLATTEN(ARRAYFORMULA(IFERROR(SPLIT(REGEXEXTRACT(FLATTEN(SPLIT('充填效能'!E:E, ""、"")), ""\[(.*?)\]""), ""&"")))), FLATTEN(ARRAYFORMULA(IFERROR(SPLIT(REGEXEXTRACT(FLATTEN(SPLIT('充填效能'!E:E, ""、"")), ""\[(.*?)\]""), ""&"")))) <> """"))) "),"大定量缸式充填機x1") -> 大定量缸式充填機x1
A3: 小型攪拌機 | B3: 2 | D3: =IFERROR(__xludf.DUMMYFUNCTION("TEXTJOIN("", "", TRUE, UNIQUE(FILTER('製造效能'!D:D, ISNUMBER(SEARCH(A3, '製造效能'!F:F))))) "),"小乳, 精, 大, 大乳") -> 小乳, 精, 大, 大乳 | E3: =IFERROR(__xludf.DUMMYFUNCTION("TEXTJOIN("", "", TRUE, UNIQUE(FILTER('製造效能'!K:K, ISNUMBER(SEARCH(A3, '製造效能'!F:F))))) "),"乳項, 水項") -> 乳項, 水項 | G3: =IFERROR(__xludf.DUMMYFUNCTION("""COMPUTED_VALUE"""),"100L真空乳化機x1") -> 100L真空乳化機x1 | I3: =IFERROR(__xludf.DUMMYFUNCTION("""COMPUTED_VALUE"""),"大噴印機x1") -> 大噴印機x1
A4: 大型攪拌機 | B4: 5 | D4: =IFERROR(__xludf.DUMMYFUNCTION("TEXTJOIN("", "", TRUE, UNIQUE(FILTER('製造效能'!D:D, ISNUMBER(SEARCH(A4, '製造效能'!F:F))))) "),"精, 小乳, 大, 大乳") -> 精, 小乳, 大, 大乳 | E4: =IFERROR(__xludf.DUMMYFUNCTION("TEXTJOIN("", "", TRUE, UNIQUE(FILTER('製造效能'!K:K, ISNUMBER(SEARCH(A4, '製造效能'!F:F))))) "),"水項, 乳項, 油項, 油項(中), 水項(下)") -> 水項, 乳項, 油項, 油項(中), 水項(下) | G4: =IFERROR(__xludf.DUMMYFUNCTION("""COMPUTED_VALUE"""),"400L大桶槽x1") -> 400L大桶槽x1 | I4: =IFERROR(__xludf.DUMMYFUNCTION("""COMPUTED_VALUE"""),"小噴印機x1") -> 小噴印機x1
A5: 50L真空乳化機 | B5: 1 | D5: =IFERROR(__xludf.DUMMYFUNCTION("TEXTJOIN("", "", TRUE, UNIQUE(FILTER('製造效能'!D:D, ISNUMBER(SEARCH(A5, '製造效能'!F:F))))) "),"小乳, 大乳") -> 小乳, 大乳 | E5: =IFERROR(__xludf.DUMMYFUNCTION("TEXTJOIN("", "", TRUE, UNIQUE(FILTER('製造效能'!K:K, ISNUMBER(SEARCH(A5, '製造效能'!F:F))))) "),"乳項, 油項") -> 乳項, 油項 | G5: =IFERROR(__xludf.DUMMYFUNCTION("""COMPUTED_VALUE"""),"400L大桶槽x2") -> 400L大桶槽x2 | I5: =IFERROR(__xludf.DUMMYFUNCTION("""COMPUTED_VALUE"""),"自動鎖蓋機") -> 自動鎖蓋機
A6: 100L真空乳化機 | B6: 1 | D6: =IFERROR(__xludf.DUMMYFUNCTION("TEXTJOIN("", "", TRUE, UNIQUE(FILTER('製造效能'!D:D, ISNUMBER(SEARCH(A6, '製造效能'!F:F))))) "),"大乳") -> 大乳 | E6: =IFERROR(__xludf.DUMMYFUNCTION("TEXTJOIN("", "", TRUE, UNIQUE(FILTER('製造效能'!K:K, ISNUMBER(SEARCH(A6, '製造效能'!F:F))))) "),"乳項") -> 乳項 | G6: =IFERROR(__xludf.DUMMYFUNCTION("""COMPUTED_VALUE"""),"400L大桶槽x3") -> 400L大桶槽x3 | I6: =IFERROR(__xludf.DUMMYFUNCTION("""COMPUTED_VALUE"""),"自動鎖蓋機x1") -> 自動鎖蓋機x1
A7: 100L升溫桶槽 | B7: 1 | D7: =IFERROR(__xludf.DUMMYFUNCTION("TEXTJOIN("", "", TRUE, UNIQUE(FILTER('製造效能'!D:D, ISNUMBER(SEARCH(A7, '製造效能'!F:F))))) "),"精, 小乳, 大乳") -> 精, 小乳, 大乳 | E7: =IFERROR(__xludf.DUMMYFUNCTION("TEXTJOIN("", "", TRUE, UNIQUE(FILTER('製造效能'!K:K, ISNUMBER(SEARCH(A7, '製造效能'!F:F))))) "),"水項, 醇項, 乳項") -> 水項, 醇項, 乳項 | G7: =IFERROR(__xludf.DUMMYFUNCTION("""COMPUTED_VALUE"""),"400L大桶槽x4") -> 400L大桶槽x4 | I7: =IFERROR(__xludf.DUMMYFUNCTION("""COMPUTED_VALUE"""),"自動鎖蓋機X1") -> 自動鎖蓋機X1
A8: 400L大桶槽 | B8: 4 | D8: =IFERROR(__xludf.DUMMYFUNCTION("TEXTJOIN("", "", TRUE, UNIQUE(FILTER('製造效能'!D:D, ISNUMBER(SEARCH(A8, '製造效能'!F:F))))) "),"大, 精") -> 大, 精 | E8: =IFERROR(__xludf.DUMMYFUNCTION("TEXTJOIN("", "", TRUE, UNIQUE(FILTER('製造效能'!K:K, ISNUMBER(SEARCH(A8, '製造效能'!F:F))))) "),"水項, 水項(下)") -> 水項, 水項(下) | G8: =IFERROR(__xludf.DUMMYFUNCTION("""COMPUTED_VALUE"""),"500L大桶槽x1") -> 500L大桶槽x1 | I8: =IFERROR(__xludf.DUMMYFUNCTION("""COMPUTED_VALUE"""),"夾瓶輸送帶*1") -> 夾瓶輸送帶*1
A9: 500L大桶槽 | B9: 1 | D9: =IFERROR(__xludf.DUMMYFUNCTION("TEXTJOIN("", "", TRUE, UNIQUE(FILTER('製造效能'!D:D, ISNUMBER(SEARCH(A9, '製造效能'!F:F))))) "),"大, 小乳") -> 大, 小乳 | E9: =IFERROR(__xludf.DUMMYFUNCTION("TEXTJOIN("", "", TRUE, UNIQUE(FILTER('製造效能'!K:K, ISNUMBER(SEARCH(A9, '製造效能'!F:F))))) "),"水項, 乳項") -> 水項, 乳項 | G9: =IFERROR(__xludf.DUMMYFUNCTION("""COMPUTED_VALUE"""),"50L真空乳化機") -> 50L真空乳化機 | I9: =IFERROR(__xludf.DUMMYFUNCTION("""COMPUTED_VALUE"""),"夾瓶輸送帶X1") -> 夾瓶輸送帶X1
A10: 落地型均質機 | B10: 0 | D10: =IFERROR(__xludf.DUMMYFUNCTION("TEXTJOIN("", "", TRUE, UNIQUE(FILTER('製造效能'!D:D, ISNUMBER(SEARCH(A10, '製造效能'!F:F))))) "),"大, 精, 落地") -> 大, 精, 落地 | E10: =IFERROR(__xludf.DUMMYFUNCTION("TEXTJOIN("", "", TRUE, UNIQUE(FILTER('製造效能'!K:K, ISNUMBER(SEARCH(A10, '製造效能'!F:F))))) "),"水項, 乳項") -> 水項, 乳項 | G10: =IFERROR(__xludf.DUMMYFUNCTION("""COMPUTED_VALUE"""),"50L真空乳化機x1") -> 50L真空乳化機x1 | I10: =IFERROR(__xludf.DUMMYFUNCTION("""COMPUTED_VALUE"""),"夾瓶輸送帶x1") -> 夾瓶輸送帶x1
A11: 超音波震盪機 | B11: 1 | D11: =IFERROR(__xludf.DUMMYFUNCTION("TEXTJOIN("", "", TRUE, UNIQUE(FILTER('製造效能'!D:D, ISNUMBER(SEARCH(A11, '製造效能'!F:F))))) "),"小乳, 精, 大, 大乳") -> 小乳, 精, 大, 大乳 | E11: =IFERROR(__xludf.DUMMYFUNCTION("TEXTJOIN("", "", TRUE, UNIQUE(FILTER('製造效能'!K:K, ISNUMBER(SEARCH(A11, '製造效能'!F:F))))) "),"乳項, 水項") -> 乳項, 水項 | G11: =IFERROR(__xludf.DUMMYFUNCTION("""COMPUTED_VALUE"""),"大型攪拌機*1") -> 大型攪拌機*1 | I11: =IFERROR(__xludf.DUMMYFUNCTION("""COMPUTED_VALUE"""),"夾瓶輸送帶x1噴印機x1") -> 夾瓶輸送帶x1噴印機x1
G12: =IFERROR(__xludf.DUMMYFUNCTION("""COMPUTED_VALUE"""),"大型攪拌機x1") -> 大型攪拌機x1 | I12: =IFERROR(__xludf.DUMMYFUNCTION("""COMPUTED_VALUE"""),"定量缸式充填機x1") -> 定量缸式充填機x1
G13: =IFERROR(__xludf.DUMMYFUNCTION("""COMPUTED_VALUE"""),"大型攪拌機x2") -> 大型攪拌機x2 | I13: =IFERROR(__xludf.DUMMYFUNCTION("""COMPUTED_VALUE"""),"泵浦式充填機x1") -> 泵浦式充填機x1
A14: 充填效能 | G14: =IFERROR(__xludf.DUMMYFUNCTION("""COMPUTED_VALUE"""),"大型攪拌機x2-") -> 大型攪拌機x2- | I14: =IFERROR(__xludf.DUMMYFUNCTION("""COMPUTED_VALUE"""),"泵浦式充填機x2") -> 泵浦式充填機x2
A15: 機器 | B15: 台數 | C15: 別稱 | G15: =IFERROR(__xludf.DUMMYFUNCTION("""COMPUTED_VALUE"""),"大型攪拌機x3") -> 大型攪拌機x3 | I15: =IFERROR(__xludf.DUMMYFUNCTION("""COMPUTED_VALUE"""),"面膜機x1") -> 面膜機x1
A16: 單管泵浦式充填機 | B16: 0 | G16: =IFERROR(__xludf.DUMMYFUNCTION("""COMPUTED_VALUE"""),"大型攪拌機x4") -> 大型攪拌機x4 | I16: =IFERROR(__xludf.DUMMYFUNCTION("""COMPUTED_VALUE"""),"桌上型壓蓋機x1") -> 桌上型壓蓋機x1
A17: 泵浦式充填機 | B17: 2 | G17: =IFERROR(__xludf.DUMMYFUNCTION("""COMPUTED_VALUE"""),"大型攪拌機x5") -> 大型攪拌機x5 | I17: =IFERROR(__xludf.DUMMYFUNCTION("""COMPUTED_VALUE"""),"烘箱x1") -> 烘箱x1
A18: 雙管泵浦式充填機 | B18: 0 | G18: =IFERROR(__xludf.DUMMYFUNCTION("""COMPUTED_VALUE"""),"小型攪拌機*1") -> 小型攪拌機*1 | I18: =IFERROR(__xludf.DUMMYFUNCTION("""COMPUTED_VALUE"""),"啟益噴印機") -> 啟益噴印機
A19: 圓盤式自動充填機 | B19: 0 | G19: =IFERROR(__xludf.DUMMYFUNCTION("""COMPUTED_VALUE"""),"小型攪拌機x1") -> 小型攪拌機x1 | I19: =IFERROR(__xludf.DUMMYFUNCTION("""COMPUTED_VALUE"""),"啟益噴印機x1") -> 啟益噴印機x1
A20: 大定量缸式充填機 | B20: 1 | G20: =IFERROR(__xludf.DUMMYFUNCTION("""COMPUTED_VALUE"""),"小型攪拌機x2") -> 小型攪拌機x2 | I20: =IFERROR(__xludf.DUMMYFUNCTION("""COMPUTED_VALUE"""),"單管泵浦式充填機x1") -> 單管泵浦式充填機x1
A21: 定量缸式充填機 | B21: 1 | G21: =IFERROR(__xludf.DUMMYFUNCTION("""COMPUTED_VALUE"""),"烘箱x1") -> 烘箱x1 | I21: =IFERROR(__xludf.DUMMYFUNCTION("""COMPUTED_VALUE"""),"圓盤式自動充填機x1") -> 圓盤式自動充填機x1
A22: 面膜機 | B22: 1 | G22: =IFERROR(__xludf.DUMMYFUNCTION("""COMPUTED_VALUE"""),"強力大型攪拌機x1") -> 強力大型攪拌機x1 | I22: =IFERROR(__xludf.DUMMYFUNCTION("""COMPUTED_VALUE"""),"圓盤式自動充填鎖蓋機x1") -> 圓盤式自動充填鎖蓋機x1
A23: 齒輪式充填機 | B23: 0 | G23: =IFERROR(__xludf.DUMMYFUNCTION("""COMPUTED_VALUE"""),"超音波震盪機x1") -> 超音波震盪機x1 | I23: =IFERROR(__xludf.DUMMYFUNCTION("""COMPUTED_VALUE"""),"噴印機-小x1") -> 噴印機-小x1
A24: 噴印機 | B24: 2 | G24: =IFERROR(__xludf.DUMMYFUNCTION("""COMPUTED_VALUE"""),"落地型均質機x1") -> 落地型均質機x1 | I24: =IFERROR(__xludf.DUMMYFUNCTION("""COMPUTED_VALUE"""),"噴印機*1") -> 噴印機*1
A25: 烘箱 | B25: 1 | I25: =IFERROR(__xludf.DUMMYFUNCTION("""COMPUTED_VALUE"""),"噴印機x1") -> 噴印機x1
A26: 自動鎖蓋機 | B26: 1 | I26: =IFERROR(__xludf.DUMMYFUNCTION("""COMPUTED_VALUE"""),"齒輪式充填機*1") -> 齒輪式充填機*1
I27: =IFERROR(__xludf.DUMMYFUNCTION("""COMPUTED_VALUE"""),"齒輪式充填機x1") -> 齒輪式充填機x1
I28: =IFERROR(__xludf.DUMMYFUNCTION("""COMPUTED_VALUE"""),"雙管泵浦式充填機x1") -> 雙管泵浦式充填機x1

Sheet 時間線
A1: 日期 | B1: 其他時間限制 | C1: 工序 | D1: 備註
A2: 訂單成立日期
A3: 製造 | C3: 製造－預攪 | D3: 攪料前一天 | E3: 排除多次製造
C4: 製造－攪料、清洗
A5: 充填 | B5: 物料齊料點後 | C5: 充填－組裝
C6: 充填－洗瓶
C7: 充填－排瓶 | D7: 充填前一天 | E7: 排除多次排瓶
C8: 充填－前置
C9: 充填－充填
A10: 2023半成品實際入庫日
A11: "到客戶倉庫日"

Sheet 2023訂單資訊
A1: 訂單編號 | B1: 訂單成立日期 | C1: 產品代號 | D1: 核心六碼 | E1: 產品名稱 | F1: 訂單數量 | G1: 到客戶倉庫日 | H1: 2023半成品實際入庫日 | I1: 原料齊料點 | J1: 物料齊料點 | K1: 備註 | L1: 攪料程序 | M1: 單一製造項目 | N1: 製造類型 | O1: 充填重量-水項 | P1: 充填重量-油項 | Q1: 充填重量-醇項 | R1: 充填重量-乳項 | S1: 製造工作數 | T1: 製造重量g/pcs | U1: 需求產量g | V1: 製造表定批次產量kg | W1: 製造表定批次分鐘數 | X1: 製造批次 | Y1: 製造總時分鐘數*批次 | Z1: 預攪總分鐘數 | AA1: 清洗總分鐘數 | AB1: 小型攪拌機 | AC1: 大型攪拌機 | AD1: 50L真空乳化機 | AE1: 100L真空乳化機 | AF1: 100L升溫桶槽 | AG1: 400L大桶槽 | AH1: 500L大桶槽 | AI1: 落地型均質機 | AJ1: 超音波震盪機 | AK1: 充填工作數 | AL1: 排瓶表定產能pcs/hr | AM1: 排瓶產能人數 | AN1: 排瓶時數 | AO1: 充填表定產能pcs/hr | AP1: 充填產能人數 | AQ1: 充填時數 | AR1: 充填總時數*人力
A2: 2201-22112100001-0001 | B2: =DATE(2000 + MID(A2, 6, 2), MID(A2, 8, 2), MID(A2, 10, 2)) -> 44886 | C2: MEU22E1C1P | D2: =MID(C2, 2, 6) -> EU22E1 | E2: 鳶尾花A醇緊緻精華乳10ML | F2: 10000 | G2: 44980 | H2: 44970 | I2: 44726 | J2: 44726 | L2: =IFERROR(__xludf.DUMMYFUNCTION("TEXTJOIN("", "", TRUE, UNIQUE(FILTER('製造效能'!$D$2:$D$1732, '製造效能'!$B$2:$B$1732 = D2)))"),"小乳, 大乳") -> 小乳, 大乳 | M2: =IFERROR(__xludf.DUMMYFUNCTION("INDEX(UNIQUE(FILTER('製造效能'!$D$2:$D$1732, ('製造效能'!$B$2:$B$1732 = D2) * ('製造效能'!$J$2:$J$1732 = MAXIFS('製造效能'!$J$2:$J$1732, '製造效能'!$B$2:$B$1732, D2)))), 1) "),"大乳") -> 大乳 | N2: =IFERROR(__xludf.DUMMYFUNCTION("TEXTJOIN("", "", TRUE, UNIQUE(FILTER('製造效能'!$K$2:$K$1732, '製造效能'!$B$2:$B$1732 = D2)))"),"乳項") -> 乳項 | P2: =IFERROR(__xludf.DUMMYFUNCTION("IFERROR(INDEX(FILTER('充填效能'!J$2:J$1088, '充填效能'!$A$2:$A$1088=$C2, '充填效能'!$D$2:$D$1088=""充填""), 1), 0)"),"") | Q2: =IFERROR(__xludf.DUMMYFUNCTION("IFERROR(INDEX(FILTER('充填效能'!K$2:K$1088, '充填效能'!$A$2:$A$1088=$C2, '充填效能'!$D$2:$D$1088=""充填""), 1), 0)"),"") | R2: =IFERROR(__xludf.DUMMYFUNCTION("IFERROR(INDEX(FILTER('充填效能'!I$2:I$1088, '充填效能'!$A$2:$A$1088=$C2, '充填效能'!$D$2:$D$1088=""充填""), 1), 0)"),10.1) -> 10.1 | S2: =COUNTIFS(製造效能!B:B, $D2,製造效能!D:D,M2) -> 3 | T2: =IFERROR(__xludf.DUMMYFUNCTION("VALUE(REGEXEXTRACT(TO_TEXT(R2), ""\d*\.?\d+""))"),10.1) -> 10.1 | U2: =F2*T2*1.015 -> 102515 | V2: =IFERROR(__xludf.DUMMYFUNCTION("IFERROR(INDEX(FILTER('製造效能'!J:J, '製造效能'!A:A=$C2, '製造效能'!D:D=M2, '製造效能'!E:E=""攪料""), 1), INDEX(FILTER('製造效能'!J:J, '製造效能'!B:B=$D2, '製造效能'!D:D=M2, '製造效能'!E:E=""攪料""), 1))"),103) -> 103 | W2: =IFERROR(__xludf.DUMMYFUNCTION("IFERROR(INDEX(FILTER('製造效能'!G:G, '製造效能'!A:A=$C2, '製造效能'!D:D=M2, '製造效能'!E:E=""攪料""), 1), INDEX(FILTER('製造效能'!G:G, '製造效能'!B:B=$D2, '製造效能'!D:D=M2, '製造效能'!E:E=""攪料""), 1))"),200) -> 200 | X2: =ROUNDUP(U2/1000/V2,0) -> 1 | Y2: =W2*X2 -> 200 | Z2: =IFERROR(__xludf.DUMMYFUNCTION("IFERROR(IFERROR(INDEX(FILTER('製造效能'!G:G, '製造效能'!A:A=$C2, '製造效能'!D:D=M2, '製造效能'!E:E=""預攪""), 1), INDEX(FILTER('製造效能'!G:G, '製造效能'!B:B=$D2, '製造效能'!D:D=M2, '製造效能'!E:E=""預攪""), 1)), 0)"),135) -> 135 | AA2: =IFERROR(__xludf.DUMMYFUNCTION("IFERROR(INDEX(FILTER('製造效能'!G:G, '製造效能'!A:A=$C2, '製造效能'!D:D=M2, '製造效能'!E:E=""清洗""), 1), INDEX(FILTER('製造效能'!G:G, '製造效能'!B:B=$D2, '製造效能'!D:D=M2, '製造效能'!E:E=""清洗""), 1))"),40) -> 40 | AB2: =IFERROR(__xludf.DUMMYFUNCTION("IFERROR(INDEX(FILTER('製造效能'!N:N, '製造效能'!$A:$A=$C2, '製造效能'!$D:$D=$M2, '製造效能'!$E:$E=""攪料""), 1), INDEX(FILTER('製造效能'!N:N, '製造效能'!$B:$B=$D2, '製造效能'!$D:$D=$M2, '製造效能'!$E:$E=""攪料""), 1))"),"") | AC2: =IFERROR(__xludf.DUMMYFUNCTION("IFERROR(INDEX(FILTER('製造效能'!O:O, '製造效能'!$A:$A=$C2, '製造效能'!$D:$D=$M2, '製造效能'!$E:$E=""攪料""), 1), INDEX(FILTER('製造效能'!O:O, '製造效能'!$B:$B=$D2, '製造效能'!$D:$D=$M2, '製造效能'!$E:$E=""攪料""), 1))"),1) -> 1 | AD2: =IFERROR(__xludf.DUMMYFUNCTION("IFERROR(INDEX(FILTER('製造效能'!P:P, '製造效能'!$A:$A=$C2, '製造效能'!$D:$D=$M2, '製造效能'!$E:$E=""攪料""), 1), INDEX(FILTER('製造效能'!P:P, '製造效能'!$B:$B=$D2, '製造效能'!$D:$D=$M2, '製造效能'!$E:$E=""攪料""), 1))"),"") | AE2: =IFERROR(__xludf.DUMMYFUNCTION("IFERROR(INDEX(FILTER('製造效能'!Q:Q, '製造效能'!$A:$A=$C2, '製造效能'!$D:$D=$M2, '製造效能'!$E:$E=""攪料""), 1), INDEX(FILTER('製造效能'!Q:Q, '製造效能'!$B:$B=$D2, '製造效能'!$D:$D=$M2, '製造效能'!$E:$E=""攪料""), 1))"),1) -> 1 | AF2: =IFERROR(__xludf.DUMMYFUNCTION("IFERROR(INDEX(FILTER('製造效能'!R:R, '製造效能'!$A:$A=$C2, '製造效能'!$D:$D=$M2, '製造效能'!$E:$E=""攪料""), 1), INDEX(FILTER('製造效能'!R:R, '製造效能'!$B:$B=$D2, '製造效能'!$D:$D=$M2, '製造效能'!$E:$E=""攪料""), 1))"),"") | AG2: =IFERROR(__xludf.DUMMYFUNCTION("IFERROR(INDEX(FILTER('製造效能'!S:S, '製造效能'!$A:$A=$C2, '製造效能'!$D:$D=$M2, '製造效能'!$E:$E=""攪料""), 1), INDEX(FILTER('製造效能'!S:S, '製造效能'!$B:$B=$D2, '製造效能'!$D:$D=$M2, '製造效能'!$E:$E=""攪料""), 1))"),"") | AH2: =IFERROR(__xludf.DUMMYFUNCTION("IFERROR(INDEX(FILTER('製造效能'!T:T, '製造效能'!$A:$A=$C2, '製造效能'!$D:$D=$M2, '製造效能'!$E:$E=""攪料""), 1), INDEX(FILTER('製造效能'!T:T, '製造效能'!$B:$B=$D2, '製造效能'!$D:$D=$M2, '製造效能'!$E:$E=""攪料""), 1))"),"") | AI2: =IFERROR(__xludf.DUMMYFUNCTION("IFERROR(INDEX(FILTER('製造效能'!U:U, '製造效能'!$A:$A=$C2, '製造效能'!$D:$D=$M2, '製造效能'!$E:$E=""攪料""), 1), INDEX(FILTER('製造效能'!U:U, '製造效能'!$B:$B=$D2, '製造效能'!$D:$D=$M2, '製造效能'!$E:$E=""攪料""), 1))"),"") | AJ2: =IFERROR(__xludf.DUMMYFUNCTION("IFERROR(INDEX(FILTER('製造效能'!V:V, '製造效能'!$A:$A=$C2, '製造效能'!$D:$D=$M2, '製造效能'!$E:$E=""攪料""), 1), INDEX(FILTER('製造效能'!V:V, '製造效能'!$B:$B=$D2, '製造效能'!$D:$D=$M2, '製造效能'!$E:$E=""攪料""), 1))"),"") | AK2: =COUNTIF(充填效能!$A:$A, $C2) -> 1 | AL2: =IFERROR(__xludf.DUMMYFUNCTION("IFERROR(INDEX(FILTER('充填效能'!$Q$2:$Q$1088, '充填效能'!$A$2:$A$1088=$C2, '充填效能'!$D$2:$D$1088=""排瓶""), 1), 0)"),0) -> 0 | AM2: =IFERROR(__xludf.DUMMYFUNCTION("IFERROR(INDEX(FILTER('充填效能'!$R$2:$R$1088, '充填效能'!$A$2:$A$1088=$C2, '充填效能'!$D$2:$D$1088=""排瓶""), 1), 0)"),0) -> 0 | AN2: =IF(AL2=0, 0, $F2/AL2) -> 0 | AO2: =IFERROR(__xludf.DUMMYFUNCTION("IFERROR(INDEX(FILTER('充填效能'!$Q$2:$Q$1088, '充填效能'!$A$2:$A$1088=$C2, '充填效能'!$D$2:$D$1088=""充填""), 1), 0)"),"1000") -> 1000 | AP2: =IFERROR(__xludf.DUMMYFUNCTION("IFERROR(INDEX(FILTER('充填效能'!$R$2:$R$1088, '充填效能'!$A$2:$A$1088=$C2, '充填效能'!$D$2:$D$1088=""充填""), 1), 0)"),4) -> 4 | AQ2: =IF(AO2=0, 0, $F2/AO2) -> 10 | AR2: =AP2*AQ2 -> 40
A3: 2201-22061400001-0001 | B3: =DATE(2000 + MID(A3, 6, 2), MID(A3, 8, 2), MID(A3, 10, 2)) -> 44726 | C3: MAW21E1F1P | D3: =MID(C3, 2, 6) -> AW21E1 | E3: 極致水潤光保濕乳霜30ml | F3: 1700 | G3: 44974 | H3: 44971 | I3: 44957 | J3: 44886 | L3: =IFERROR(__xludf.DUMMYFUNCTION("TEXTJOIN("", "", TRUE, UNIQUE(FILTER('製造效能'!$D$2:$D$1732, '製造效能'!$B$2:$B$1732 = D3)))"),"小乳, 大乳") -> 小乳, 大乳 | M3: =IFERROR(__xludf.DUMMYFUNCTION("INDEX(UNIQUE(FILTER('製造效能'!$D$2:$D$1732, ('製造效能'!$B$2:$B$1732 = D3) * ('製造效能'!$J$2:$J$1732 = MAXIFS('製造效能'!$J$2:$J$1732, '製造效能'!$B$2:$B$1732, D3)))), 1) "),"大乳") -> 大乳 | N3: =IFERROR(__xludf.DUMMYFUNCTION("TEXTJOIN("", "", TRUE, UNIQUE(FILTER('製造效能'!$K$2:$K$1732, '製造效能'!$B$2:$B$1732 = D3)))"),"乳項") -> 乳項 | P3: =IFERROR(__xludf.DUMMYFUNCTION("IFERROR(INDEX(FILTER('充填效能'!J$2:J$1088, '充填效能'!$A$2:$A$1088=$C3, '充填效能'!$D$2:$D$1088=""充填""), 1), 0)"),"") | Q3: =IFERROR(__xludf.DUMMYFUNCTION("IFERROR(INDEX(FILTER('充填效能'!K$2:K$1088, '充填效能'!$A$2:$A$1088=$C3, '充填效能'!$D$2:$D$1088=""充填""), 1), 0)"),"") | R3: =IFERROR(__xludf.DUMMYFUNCTION("IFERROR(INDEX(FILTER('充填效能'!I$2:I$1088, '充填效能'!$A$2:$A$1088=$C3, '充填效能'!$D$2:$D$1088=""充填""), 1), 0)"),30) -> 30 | S3: =COUNTIFS(製造效能!B:B, $D3,製造效能!D:D,M3) -> 3 | T3: =IFERROR(__xludf.DUMMYFUNCTION("VALUE(REGEXEXTRACT(TO_TEXT(R3), ""\d*\.?\d+""))"),30) -> 30 | U3: =F3*T3*1.015 -> 51765 | V3: =IFERROR(__xludf.DUMMYFUNCTION("IFERROR(INDEX(FILTER('製造效能'!J:J, '製造效能'!A:A=$C3, '製造效能'!D:D=M3, '製造效能'!E:E=""攪料""), 1), INDEX(FILTER('製造效能'!J:J, '製造效能'!B:B=$D3, '製造效能'!D:D=M3, '製造效能'!E:E=""攪料""), 1))"),103) -> 103 | W3: =IFERROR(__xludf.DUMMYFUNCTION("IFERROR(INDEX(FILTER('製造效能'!G:G, '製造效能'!A:A=$C3, '製造效能'!D:D=M3, '製造效能'!E:E=""攪料""), 1), INDEX(FILTER('製造效能'!G:G, '製造效能'!B:B=$D3, '製造效能'!D:D=M3, '製造效能'!E:E=""攪料""), 1))"),180) -> 180 | X3: =ROUNDUP(U3/1000/V3,0) -> 1 | Y3: =W3*X3 -> 180 | Z3: =IFERROR(__xludf.DUMMYFUNCTION("IFERROR(IFERROR(INDEX(FILTER('製造效能'!G:G, '製造效能'!A:A=$C3, '製造效能'!D:D=M3, '製造效能'!E:E=""預攪""), 1), INDEX(FILTER('製造效能'!G:G, '製造效能'!B:B=$D3, '製造效能'!D:D=M3, '製造效能'!E:E=""預攪""), 1)), 0)"),45) -> 45 | AA3: =IFERROR(__xludf.DUMMYFUNCTION("IFERROR(INDEX(FILTER('製造效能'!G:G, '製造效能'!A:A=$C3, '製造效能'!D:D=M3, '製造效能'!E:E=""清洗""), 1), INDEX(FILTER('製造效能'!G:G, '製造效能'!B:B=$D3, '製造效能'!D:D=M3, '製造效能'!E:E=""清洗""), 1))"),40) -> 40 | AB3: =IFERROR(__xludf.DUMMYFUNCTION("IFERROR(INDEX(FILTER('製造效能'!N:N, '製造效能'!$A:$A=$C3, '製造效能'!$D:$D=$M3, '製造效能'!$E:$E=""攪料""), 1), INDEX(FILTER('製造效能'!N:N, '製造效能'!$B:$B=$D3, '製造效能'!$D:$D=$M3, '製造效能'!$E:$E=""攪料""), 1))"),"") | AC3: =IFERROR(__xludf.DUMMYFUNCTION("IFERROR(INDEX(FILTER('製造效能'!O:O, '製造效能'!$A:$A=$C3, '製造效能'!$D:$D=$M3, '製造效能'!$E:$E=""攪料""), 1), INDEX(FILTER('製造效能'!O:O, '製造效能'!$B:$B=$D3, '製造效能'!$D:$D=$M3, '製造效能'!$E:$E=""攪料""), 1))"),"") | AD3: =IFERROR(__xludf.DUMMYFUNCTION("IFERROR(INDEX(FILTER('製造效能'!P:P, '製造效能'!$A:$A=$C3, '製造效能'!$D:$D=$M3, '製造效能'!$E:$E=""攪料""), 1), INDEX(FILTER('製造效能'!P:P, '製造效能'!$B:$B=$D3, '製造效能'!$D:$D=$M3, '製造效能'!$E:$E=""攪料""), 1))"),"") | AE3: =IFERROR(__xludf.DUMMYFUNCTION("IFERROR(INDEX(FILTER('製造效能'!Q:Q, '製造效能'!$A:$A=$C3, '製造效能'!$D:$D=$M3, '製造效能'!$E:$E=""攪料""), 1), INDEX(FILTER('製造效能'!Q:Q, '製造效能'!$B:$B=$D3, '製造效能'!$D:$D=$M3, '製造效能'!$E:$E=""攪料""), 1))"),1) -> 1 | AF3: =IFERROR(__xludf.DUMMYFUNCTION("IFERROR(INDEX(FILTER('製造效能'!R:R, '製造效能'!$A:$A=$C3, '製造效能'!$D:$D=$M3, '製造效能'!$E:$E=""攪料""), 1), INDEX(FILTER('製造效能'!R:R, '製造效能'!$B:$B=$D3, '製造效能'!$D:$D=$M3, '製造效能'!$E:$E=""攪料""), 1))"),"") | AG3: =IFERROR(__xludf.DUMMYFUNCTION("IFERROR(INDEX(FILTER('製造效能'!S:S, '製造效能'!$A:$A=$C3, '製造效能'!$D:$D=$M3, '製造效能'!$E:$E=""攪料""), 1), INDEX(FILTER('製造效能'!S:S, '製造效能'!$B:$B=$D3, '製造效能'!$D:$D=$M3, '製造效能'!$E:$E=""攪料""), 1))"),"") | AH3: =IFERROR(__xludf.DUMMYFUNCTION("IFERROR(INDEX(FILTER('製造效能'!T:T, '製造效能'!$A:$A=$C3, '製造效能'!$D:$D=$M3, '製造效能'!$E:$E=""攪料""), 1), INDEX(FILTER('製造效能'!T:T, '製造效能'!$B:$B=$D3, '製造效能'!$D:$D=$M3, '製造效能'!$E:$E=""攪料""), 1))"),"") | AI3: =IFERROR(__xludf.DUMMYFUNCTION("IFERROR(INDEX(FILTER('製造效能'!U:U, '製造效能'!$A:$A=$C3, '製造效能'!$D:$D=$M3, '製造效能'!$E:$E=""攪料""), 1), INDEX(FILTER('製造效能'!U:U, '製造效能'!$B:$B=$D3, '製造效能'!$D:$D=$M3, '製造效能'!$E:$E=""攪料""), 1))"),"") | AJ3: =IFERROR(__xludf.DUMMYFUNCTION("IFERROR(INDEX(FILTER('製造效能'!V:V, '製造效能'!$A:$A=$C3, '製造效能'!$D:$D=$M3, '製造效能'!$E:$E=""攪料""), 1), INDEX(FILTER('製造效能'!V:V, '製造效能'!$B:$B=$D3, '製造效能'!$D:$D=$M3, '製造效能'!$E:$E=""攪料""), 1))"),"") | AK3: =COUNTIF(充填效能!$A:$A, $C3) -> 2 | AL3: =IFERROR(__xludf.DUMMYFUNCTION("IFERROR(INDEX(FILTER('充填效能'!$Q$2:$Q$1088, '充填效能'!$A$2:$A$1088=$C3, '充填效能'!$D$2:$D$1088=""排瓶""), 1), 0)"),"750") -> 750 | AM3: =IFERROR(__xludf.DUMMYFUNCTION("IFERROR(INDEX(FILTER('充填效能'!$R$2:$R$1088, '充填效能'!$A$2:$A$1088=$C3, '充填效能'!$D$2:$D$1088=""排瓶""), 1), 0)"),1) -> 1 | AN3: =IF(AL3=0, 0, $F3/AL3) -> 2.2666667 | AO3: =IFERROR(__xludf.DUMMYFUNCTION("IFERROR(INDEX(FILTER('充填效能'!$Q$2:$Q$1088, '充填效能'!$A$2:$A$1088=$C3, '充填效能'!$D$2:$D$1088=""充填""), 1), 0)"),"770") -> 770 | AP3: =IFERROR(__xludf.DUMMYFUNCTION("IFERROR(INDEX(FILTER('充填效能'!$R$2:$R$1088, '充填效能'!$A$2:$A$1088=$C3, '充填效能'!$D$2:$D$1088=""充填""), 1), 0)"),4) -> 4 | AQ3: =IF(AO3=0, 0, $F3/AO3) -> 2.2077922 | AR3: =AP3*AQ3 -> 8.8311688
A4: 2201-22122700001-0001 | B4: =DATE(2000 + MID(A4, 6, 2), MID(A4, 8, 2), MID(A4, 10, 2)) -> 44922 | C4: MEU22A1K1P | D4: =MID(C4, 2, 6) -> EU22A1 | E4: 黃金蠟菊淨白潔顏露100ml | F4: 10000 | G4: 44986 | H4: 44981 | I4: 44959 | J4: 44922 | L4: =IFERROR(__xludf.DUMMYFUNCTION("TEXTJOIN("", "", TRUE, UNIQUE(FILTER('製造效能'!$D$2:$D$1732, '製造效能'!$B$2:$B$1732 = D4)))"),"大") -> 大 | M4: =IFERROR(__xludf.DUMMYFUNCTION("INDEX(UNIQUE(FILTER('製造效能'!$D$2:$D$1732, ('製造效能'!$B$2:$B$1732 = D4) * ('製造效能'!$J$2:$J$1732 = MAXIFS('製造效能'!$J$2:$J$1732, '製造效能'!$B$2:$B$1732, D4)))), 1) "),"大") -> 大 | N4: =IFERROR(__xludf.DUMMYFUNCTION("TEXTJOIN("", "", TRUE, UNIQUE(FILTER('製造效能'!$K$2:$K$1732, '製造效能'!$B$2:$B$1732 = D4)))"),"水項") -> 水項 | O4: =IFERROR(__xludf.DUMMYFUNCTION("IFERROR(INDEX(FILTER('充填效能'!I$2:I$1088, '充填效能'!$A$2:$A$1088=$C4, '充填效能'!$D$2:$D$1088=""充填""), 1), 0)"),100) -> 100 | P4: =IFERROR(__xludf.DUMMYFUNCTION("IFERROR(INDEX(FILTER('充填效能'!J$2:J$1088, '充填效能'!$A$2:$A$1088=$C4, '充填效能'!$D$2:$D$1088=""充填""), 1), 0)"),"") | Q4: =IFERROR(__xludf.DUMMYFUNCTION("IFERROR(INDEX(FILTER('充填效能'!K$2:K$1088, '充填效能'!$A$2:$A$1088=$C4, '充填效能'!$D$2:$D$1088=""充填""), 1), 0)"),"") | R4: =IFERROR(__xludf.DUMMYFUNCTION("IFERROR(INDEX(FILTER('充填效能'!L$2:L$1088, '充填效能'!$A$2:$A$1088=$C4, '充填效能'!$D$2:$D$1088=""充填""), 1), 0)"),"") | S4: =COUNTIFS(製造效能!B:B, $D4,製造效能!D:D,M4) -> 3 | T4: =IFERROR(__xludf.DUMMYFUNCTION("VALUE(REGEXEXTRACT(TO_TEXT(O4), ""\d*\.?\d+""))"),100) -> 100 | U4: =F4*T4*1.015 -> 1015000 | V4: =IFERROR(__xludf.DUMMYFUNCTION("IFERROR(INDEX(FILTER('製造效能'!J:J, '製造效能'!A:A=$C4, '製造效能'!D:D=M4, '製造效能'!E:E=""攪料""), 1), INDEX(FILTER('製造效能'!J:J, '製造效能'!B:B=$D4, '製造效能'!D:D=M4, '製造效能'!E:E=""攪料""), 1))"),367.5) -> 367.5 | W4: =IFERROR(__xludf.DUMMYFUNCTION("IFERROR(INDEX(FILTER('製造效能'!G:G, '製造效能'!A:A=$C4, '製造效能'!D:D=M4, '製造效能'!E:E=""攪料""), 1), INDEX(FILTER('製造效能'!G:G, '製造效能'!B:B=$D4, '製造效能'!D:D=M4, '製造效能'!E:E=""攪料""), 1))"),320) -> 320 | X4: =ROUNDUP(U4/1000/V4,0) -> 3 | Y4: =W4*X4 -> 960 | Z4: =IFERROR(__xludf.DUMMYFUNCTION("IFERROR(IFERROR(INDEX(FILTER('製造效能'!G:G, '製造效能'!A:A=$C4, '製造效能'!D:D=M4, '製造效能'!E:E=""預攪""), 1), INDEX(FILTER('製造效能'!G:G, '製造效能'!B:B=$D4, '製造效能'!D:D=M4, '製造效能'!E:E=""預攪""), 1)), 0)"),25) -> 25 | AA4: =IFERROR(__xludf.DUMMYFUNCTION("IFERROR(INDEX(FILTER('製造效能'!G:G, '製造效能'!A:A=$C4, '製造效能'!D:D=M4, '製造效能'!E:E=""清洗""), 1), INDEX(FILTER('製造效能'!G:G, '製造效能'!B:B=$D4, '製造效能'!D:D=M4, '製造效能'!E:E=""清洗""), 1))"),50) -> 50 | AB4: =IFERROR(__xludf.DUMMYFUNCTION("IFERROR(INDEX(FILTER('製造效能'!N:N, '製造效能'!$A:$A=$C4, '製造效能'!$D:$D=$M4, '製造效能'!$E:$E=""攪料""), 1), INDEX(FILTER('製造效能'!N:N, '製造效能'!$B:$B=$D4, '製造效能'!$D:$D=$M4, '製造效能'!$E:$E=""攪料""), 1))"),"") | AC4: =IFERROR(__xludf.DUMMYFUNCTION("IFERROR(INDEX(FILTER('製造效能'!O:O, '製造效能'!$A:$A=$C4, '製造效能'!$D:$D=$M4, '製造效能'!$E:$E=""攪料""), 1), INDEX(FILTER('製造效能'!O:O, '製造效能'!$B:$B=$D4, '製造效能'!$D:$D=$M4, '製造效能'!$E:$E=""攪料""), 1))"),"") | AD4: =IFERROR(__xludf.DUMMYFUNCTION("IFERROR(INDEX(FILTER('製造效能'!P:P, '製造效能'!$A:$A=$C4, '製造效能'!$D:$D=$M4, '製造效能'!$E:$E=""攪料""), 1), INDEX(FILTER('製造效能'!P:P, '製造效能'!$B:$B=$D4, '製造效能'!$D:$D=$M4, '製造效能'!$E:$E=""攪料""), 1))"),"") | AE4: =IFERROR(__xludf.DUMMYFUNCTION("IFERROR(INDEX(FILTER('製造效能'!Q:Q, '製造效能'!$A:$A=$C4, '製造效能'!$D:$D=$M4, '製造效能'!$E:$E=""攪料""), 1), INDEX(FILTER('製造效能'!Q:Q, '製造效能'!$B:$B=$D4, '製造效能'!$D:$D=$M4, '製造效能'!$E:$E=""攪料""), 1))"),"") | AF4: =IFERROR(__xludf.DUMMYFUNCTION("IFERROR(INDEX(FILTER('製造效能'!R:R, '製造效能'!$A:$A=$C4, '製造效能'!$D:$D=$M4, '製造效能'!$E:$E=""攪料""), 1), INDEX(FILTER('製造效能'!R:R, '製造效能'!$B:$B=$D4, '製造效能'!$D:$D=$M4, '製造效能'!$E:$E=""攪料""), 1))"),"") | AG4: =IFERROR(__xludf.DUMMYFUNCTION("IFERROR(INDEX(FILTER('製造效能'!S:S, '製造效能'!$A:$A=$C4, '製造效能'!$D:$D=$M4, '製造效能'!$E:$E=""攪料""), 1), INDEX(FILTER('製造效能'!S:S, '製造效能'!$B:$B=$D4, '製造效能'!$D:$D=$M4, '製造效能'!$E:$E=""攪料""), 1))"),1) -> 1 | AH4: =IFERROR(__xludf.DUMMYFUNCTION("IFERROR(INDEX(FILTER('製造效能'!T:T, '製造效能'!$A:$A=$C4, '製造效能'!$D:$D=$M4, '製造效能'!$E:$E=""攪料""), 1), INDEX(FILTER('製造效能'!T:T, '製造效能'!$B:$B=$D4, '製造效能'!$D:$D=$M4, '製造效能'!$E:$E=""攪料""), 1))"),"") | AI4: =IFERROR(__xludf.DUMMYFUNCTION("IFERROR(INDEX(FILTER('製造效能'!U:U, '製造效能'!$A:$A=$C4, '製造效能'!$D:$D=$M4, '製造效能'!$E:$E=""攪料""), 1), INDEX(FILTER('製造效能'!U:U, '製造效能'!$B:$B=$D4, '製造效能'!$D:$D=$M4, '製造效能'!$E:$E=""攪料""), 1))"),"") | AJ4: =IFERROR(__xludf.DUMMYFUNCTION("IFERROR(INDEX(FILTER('製造效能'!V:V, '製造效能'!$A:$A=$C4, '製造效能'!$D:$D=$M4, '製造效能'!$E:$E=""攪料""), 1), INDEX(FILTER('製造效能'!V:V, '製造效能'!$B:$B=$D4, '製造效能'!$D:$D=$M4, '製造效能'!$E:$E=""攪料""), 1))"),"") | AK4: =COUNTIF(充填效能!$A:$A, $C4) -> 2 | AL4: =IFERROR(__xludf.DUMMYFUNCTION("IFERROR(INDEX(FILTER('充填效能'!$Q$2:$Q$1088, '充填效能'!$A$2:$A$1088=$C4, '充填效能'!$D$2:$D$1088=""排瓶""), 1), 0)"),"460") -> 460 | AM4: =IFERROR(__xludf.DUMMYFUNCTION("IFERROR(INDEX(FILTER('充填效能'!$R$2:$R$1088, '充填效能'!$A$2:$A$1088=$C4, '充填效能'!$D$2:$D$1088=""排瓶""), 1), 0)"),1) -> 1 | AN4: =IF(AL4=0, 0, $F4/AL4) -> 21.73913 | AO4: =IFERROR(__xludf.DUMMYFUNCTION("IFERROR(INDEX(FILTER('充填效能'!$Q$2:$Q$1088, '充填效能'!$A$2:$A$1088=$C4, '充填效能'!$D$2:$D$1088=""充填""), 1), 0)"),"470") -> 470 | AP4: =IFERROR(__xludf.DUMMYFUNCTION("IFERROR(INDEX(FILTER('充填效能'!$R$2:$R$1088, '充填效能'!$A$2:$A$1088=$C4, '充填效能'!$D$2:$D$1088=""充填""), 1), 0)"),3) -> 3 | AQ4: =IF(AO4=0, 0, $F4/AO4) -> 21.276596 | AR4: =AP4*AQ4 -> 63.829787
A5: 2201-22111500001-0002 | B5: =DATE(2000 + MID(A5, 6, 2), MID(A5, 8, 2), MID(A5, 10, 2)) -> 44880 | C5: MEU21C1D2P | D5: =MID(C5, 2, 6) -> EU21C1 | E5: 杜鵑花酸亮白化妝水15ML | F5: 10184 | G5: 44998 | H5: 44991 | I5: 44915 | J5: 44960 | K5: 雙層劑型 | L5: =IFERROR(__xludf.DUMMYFUNCTION("TEXTJOIN("", "", TRUE, UNIQUE(FILTER('製造效能'!$D$2:$D$1732, '製造效能'!$B$2:$B$1732 = D5)))"),"大, 小乳") -> 大, 小乳 | M5: =IFERROR(__xludf.DUMMYFUNCTION("INDEX(UNIQUE(FILTER('製造效能'!$D$2:$D$1732, ('製造效能'!$B$2:$B$1732 = D5) * ('製造效能'!$J$2:$J$1732 = MAXIFS('製造效能'!$J$2:$J$1732, '製造效能'!$B$2:$B$1732, D5)))), 1) "),"大") -> 大 | N5: =IFERROR(__xludf.DUMMYFUNCTION("TEXTJOIN("", "", TRUE, UNIQUE(FILTER('製造效能'!$K$2:$K$1732, '製造效能'!$B$2:$B$1732 = D5)))"),"水項, 乳項") -> 水項, 乳項 | O5: 11.7 | P5: =IFERROR(__xludf.DUMMYFUNCTION("IFERROR(INDEX(FILTER('充填效能'!J$2:J$1088, '充填效能'!$A$2:$A$1088=$C5, '充填效能'!$D$2:$D$1088=""充填""), 1), 0)"),"") | Q5: =IFERROR(__xludf.DUMMYFUNCTION("IFERROR(INDEX(FILTER('充填效能'!K$2:K$1088, '充填效能'!$A$2:$A$1088=$C5, '充填效能'!$D$2:$D$1088=""充填""), 1), 0)"),"") | R5: =IFERROR(__xludf.DUMMYFUNCTION("IFERROR(INDEX(FILTER('充填效能'!L$2:L$1088, '充填效能'!$A$2:$A$1088=$C5, '充填效能'!$D$2:$D$1088=""充填""), 1), 0)"),2.8) -> 2.8 | S5: =COUNTIFS(製造效能!B:B, $D5,製造效能!D:D,M5) -> 6 | T5: =IFERROR(__xludf.DUMMYFUNCTION("VALUE(REGEXEXTRACT(TO_TEXT(O5), ""\d*\.?\d+""))"),11.7) -> 11.7 | U5: =F5*T5*1.015 -> 120940.09 | V5: =IFERROR(__xludf.DUMMYFUNCTION("IFERROR(INDEX(FILTER('製造效能'!J:J, '製造效能'!A:A=$C5, '製造效能'!D:D=M5, '製造效能'!E:E=""攪料""), 1), INDEX(FILTER('製造效能'!J:J, '製造效能'!B:B=$D5, '製造效能'!D:D=M5, '製造效能'!E:E=""攪料""), 1))"),400) -> 400 | W5: =IFERROR(__xludf.DUMMYFUNCTION("IFERROR(INDEX(FILTER('製造效能'!G:G, '製造效能'!A:A=$C5, '製造效能'!D:D=M5, '製造效能'!E:E=""攪料""), 1), INDEX(FILTER('製造效能'!G:G, '製造效能'!B:B=$D5, '製造效能'!D:D=M5, '製造效能'!E:E=""攪料""), 1))"),70) -> 70 | X5: =ROUNDUP(U5/1000/V5,0) -> 1 | Y5: =W5*X5 -> 70 | Z5: =IFERROR(__xludf.DUMMYFUNCTION("IFERROR(IFERROR(INDEX(FILTER('製造效能'!G:G, '製造效能'!A:A=$C5, '製造效能'!D:D=M5, '製造效能'!E:E=""預攪""), 1), INDEX(FILTER('製造效能'!G:G, '製造效能'!B:B=$D5, '製造效能'!D:D=M5, '製造效能'!E:E=""預攪""), 1)), 0)"),70) -> 70 | AA5: =IFERROR(__xludf.DUMMYFUNCTION("IFERROR(INDEX(FILTER('製造效能'!G:G, '製造效能'!A:A=$C5, '製造效能'!D:D=M5, '製造效能'!E:E=""清洗""), 1), INDEX(FILTER('製造效能'!G:G, '製造效能'!B:B=$D5, '製造效能'!D:D=M5, '製造效能'!E:E=""清洗""), 1))"),30) -> 30 | AB5: =IFERROR(__xludf.DUMMYFUNCTION("IFERROR(INDEX(FILTER('製造效能'!N:N, '製造效能'!$A:$A=$C5, '製造效能'!$D:$D=$M5, '製造效能'!$E:$E=""攪料""), 1), INDEX(FILTER('製造效能'!N:N, '製造效能'!$B:$B=$D5, '製造效能'!$D:$D=$M5, '製造效能'!$E:$E=""攪料""), 1))"),"") | AC5: =IFERROR(__xludf.DUMMYFUNCTION("IFERROR(INDEX(FILTER('製造效能'!O:O, '製造效能'!$A:$A=$C5, '製造效能'!$D:$D=$M5, '製造效能'!$E:$E=""攪料""), 1), INDEX(FILTER('製造效能'!O:O, '製造效能'!$B:$B=$D5, '製造效能'!$D:$D=$M5, '製造效能'!$E:$E=""攪料""), 1))"),"") | AD5: =IFERROR(__xludf.DUMMYFUNCTION("IFERROR(INDEX(FILTER('製造效能'!P:P, '製造效能'!$A:$A=$C5, '製造效能'!$D:$D=$M5, '製造效能'!$E:$E=""攪料""), 1), INDEX(FILTER('製造效能'!P:P, '製造效能'!$B:$B=$D5, '製造效能'!$D:$D=$M5, '製造效能'!$E:$E=""攪料""), 1))"),"") | AE5: =IFERROR(__xludf.DUMMYFUNCTION("IFERROR(INDEX(FILTER('製造效能'!Q:Q, '製造效能'!$A:$A=$C5, '製造效能'!$D:$D=$M5, '製造效能'!$E:$E=""攪料""), 1), INDEX(FILTER('製造效能'!Q:Q, '製造效能'!$B:$B=$D5, '製造效能'!$D:$D=$M5, '製造效能'!$E:$E=""攪料""), 1))"),"") | AF5: =IFERROR(__xludf.DUMMYFUNCTION("IFERROR(INDEX(FILTER('製造效能'!R:R, '製造效能'!$A:$A=$C5, '製造效能'!$D:$D=$M5, '製造效能'!$E:$E=""攪料""), 1), INDEX(FILTER('製造效能'!R:R, '製造效能'!$B:$B=$D5, '製造效能'!$D:$D=$M5, '製造效能'!$E:$E=""攪料""), 1))"),"") | AG5: =IFERROR(__xludf.DUMMYFUNCTION("IFERROR(INDEX(FILTER('製造效能'!S:S, '製造效能'!$A:$A=$C5, '製造效能'!$D:$D=$M5, '製造效能'!$E:$E=""攪料""), 1), INDEX(FILTER('製造效能'!S:S, '製造效能'!$B:$B=$D5, '製造效能'!$D:$D=$M5, '製造效能'!$E:$E=""攪料""), 1))"),1) -> 1 | AH5: =IFERROR(__xludf.DUMMYFUNCTION("IFERROR(INDEX(FILTER('製造效能'!T:T, '製造效能'!$A:$A=$C5, '製造效能'!$D:$D=$M5, '製造效能'!$E:$E=""攪料""), 1), INDEX(FILTER('製造效能'!T:T, '製造效能'!$B:$B=$D5, '製造效能'!$D:$D=$M5, '製造效能'!$E:$E=""攪料""), 1))"),"") | AI5: =IFERROR(__xludf.DUMMYFUNCTION("IFERROR(INDEX(FILTER('製造效能'!U:U, '製造效能'!$A:$A=$C5, '製造效能'!$D:$D=$M5, '製造效能'!$E:$E=""攪料""), 1), INDEX(FILTER('製造效能'!U:U, '製造效能'!$B:$B=$D5, '製造效能'!$D:$D=$M5, '製造效能'!$E:$E=""攪料""), 1))"),"") | AJ5: =IFERROR(__xludf.DUMMYFUNCTION("IFERROR(INDEX(FILTER('製造效能'!V:V, '製造效能'!$A:$A=$C5, '製造效能'!$D:$D=$M5, '製造效能'!$E:$E=""攪料""), 1), INDEX(FILTER('製造效能'!V:V, '製造效能'!$B:$B=$D5, '製造效能'!$D:$D=$M5, '製造效能'!$E:$E=""攪料""), 1))"),"") | AK5: =COUNTIF(充填效能!$A:$A, $C5) -> 2 | AL5: =IFERROR(__xludf.DUMMYFUNCTION("IFERROR(INDEX(FILTER('充填效能'!$Q$2:$Q$1088, '充填效能'!$A$2:$A$1088=$C5, '充填效能'!$D$2:$D$1088=""排瓶""), 1), 0)"),"1100") -> 1100 | AM5: =IFERROR(__xludf.DUMMYFUNCTION("IFERROR(INDEX(FILTER('充填效能'!$R$2:$R$1088, '充填效能'!$A$2:$A$1088=$C5, '充填效能'!$D$2:$D$1088=""排瓶""), 1), 0)"),1) -> 1 | AN5: =IF(AL5=0, 0, $F5/AL5) -> 9.2581818 | AO5: =IFERROR(__xludf.DUMMYFUNCTION("IFERROR(INDEX(FILTER('充填效能'!$Q$2:$Q$1088, '充填效能'!$A$2:$A$1088=$C5, '充填效能'!$D$2:$D$1088=""充填""), 1), 0)"),"820") -> 820 | AP5: =IFERROR(__xludf.DUMMYFUNCTION("IFERROR(INDEX(FILTER('充填效能'!$R$2:$R$1088, '充填效能'!$A$2:$A$1088=$C5, '充填效能'!$D$2:$D$1088=""充填""), 1), 0)"),4) -> 4 | AQ5: =IF(AO5=0, 0, $F5/AO5) -> 12.419512 | AR5: =AP5*AQ5 -> 49.678049
A6: 2201-23021500002-0001 | B6: =DATE(2000 + MID(A6, 6, 2), MID(A6, 8, 2), MID(A6, 10, 2)) -> 44972 | C6: PN1HAE2H2P | D6: =MID(C6, 2, 6) -> N1HAE2 | E6: 玻尿酸保濕滲透乳液50ml | F6: 10000 | G6: 45107 | H6: 45007 | I6: 44978 | J6: 44981 | L6: =IFERROR(__xludf.DUMMYFUNCTION("TEXTJOIN("", "", TRUE, UNIQUE(FILTER('製造效能'!$D$2:$D$1732, '製造效能'!$B$2:$B$1732 = D6)))"),"大乳, 小乳") -> 大乳, 小乳 | M6: =IFERROR(__xludf.DUMMYFUNCTION("INDEX(UNIQUE(FILTER('製造效能'!$D$2:$D$1732, ('製造效能'!$B$2:$B$1732 = D6) * ('製造效能'!$J$2:$J$1732 = MAXIFS('製造效能'!$J$2:$J$1732, '製造效能'!$B$2:$B$1732, D6)))), 1) "),"大乳") -> 大乳 | N6: =IFERROR(__xludf.DUMMYFUNCTION("TEXTJOIN("", "", TRUE, UNIQUE(FILTER('製造效能'!$K$2:$K$1732, '製造效能'!$B$2:$B$1732 = D6)))"),"乳項") -> 乳項 | P6: =IFERROR(__xludf.DUMMYFUNCTION("IFERROR(INDEX(FILTER('充填效能'!J$2:J$1088, '充填效能'!$A$2:$A$1088=$C6, '充填效能'!$D$2:$D$1088=""充填""), 1), 0)"),"") | Q6: =IFERROR(__xludf.DUMMYFUNCTION("IFERROR(INDEX(FILTER('充填效能'!K$2:K$1088, '充填效能'!$A$2:$A$1088=$C6, '充填效能'!$D$2:$D$1088=""充填""), 1), 0)"),"") | R6: =IFERROR(__xludf.DUMMYFUNCTION("IFERROR(INDEX(FILTER('充填效能'!I$2:I$1088, '充填效能'!$A$2:$A$1088=$C6, '充填效能'!$D$2:$D$1088=""充填""), 1), 0)"),50) -> 50 | S6: =COUNTIFS(製造效能!B:B, $D6,製造效能!D:D,M6) -> 3 | T6: =IFERROR(__xludf.DUMMYFUNCTION("VALUE(REGEXEXTRACT(TO_TEXT(R6), ""\d*\.?\d+""))"),50) -> 50 | U6: =F6*T6*1.015 -> 507500 | V6: =IFERROR(__xludf.DUMMYFUNCTION("IFERROR(INDEX(FILTER('製造效能'!J:J, '製造效能'!A:A=$C6, '製造效能'!D:D=M6, '製造效能'!E:E=""攪料""), 1), INDEX(FILTER('製造效能'!J:J, '製造效能'!B:B=$D6, '製造效能'!D:D=M6, '製造效能'!E:E=""攪料""), 1))"),103) -> 103 | W6: =IFERROR(__xludf.DUMMYFUNCTION("IFERROR(INDEX(FILTER('製造效能'!G:G, '製造效能'!A:A=$C6, '製造效能'!D:D=M6, '製造效能'!E:E=""攪料""), 1), INDEX(FILTER('製造效能'!G:G, '製造效能'!B:B=$D6, '製造效能'!D:D=M6, '製造效能'!E:E=""攪料""), 1))"),180) -> 180 | X6: =ROUNDUP(U6/1000/V6,0) -> 5 | Y6: =W6*X6 -> 900 | Z6: =IFERROR(__xludf.DUMMYFUNCTION("IFERROR(IFERROR(INDEX(FILTER('製造效能'!G:G, '製造效能'!A:A=$C6, '製造效能'!D:D=M6, '製造效能'!E:E=""預攪""), 1), INDEX(FILTER('製造效能'!G:G, '製造效能'!B:B=$D6, '製造效能'!D:D=M6, '製造效能'!E:E=""預攪""), 1)), 0)"),25) -> 25 | AA6: =IFERROR(__xludf.DUMMYFUNCTION("IFERROR(INDEX(FILTER('製造效能'!G:G, '製造效能'!A:A=$C6, '製造效能'!D:D=M6, '製造效能'!E:E=""清洗""), 1), INDEX(FILTER('製造效能'!G:G, '製造效能'!B:B=$D6, '製造效能'!D:D=M6, '製造效能'!E:E=""清洗""), 1))"),40) -> 40 | AB6: =IFERROR(__xludf.DUMMYFUNCTION("IFERROR(INDEX(FILTER('製造效能'!N:N, '製造效能'!$A:$A=$C6, '製造效能'!$D:$D=$M6, '製造效能'!$E:$E=""攪料""), 1), INDEX(FILTER('製造效能'!N:N, '製造效能'!$B:$B=$D6, '製造效能'!$D:$D=$M6, '製造效能'!$E:$E=""攪料""), 1))"),"") | AC6: =IFERROR(__xludf.DUMMYFUNCTION("IFERROR(INDEX(FILTER('製造效能'!O:O, '製造效能'!$A:$A=$C6, '製造效能'!$D:$D=$M6, '製造效能'!$E:$E=""攪料""), 1), INDEX(FILTER('製造效能'!O:O, '製造效能'!$B:$B=$D6, '製造效能'!$D:$D=$M6, '製造效能'!$E:$E=""攪料""), 1))"),"") | AD6: =IFERROR(__xludf.DUMMYFUNCTION("IFERROR(INDEX(FILTER('製造效能'!P:P, '製造效能'!$A:$A=$C6, '製造效能'!$D:$D=$M6, '製造效能'!$E:$E=""攪料""), 1), INDEX(FILTER('製造效能'!P:P, '製造效能'!$B:$B=$D6, '製造效能'!$D:$D=$M6, '製造效能'!$E:$E=""攪料""), 1))"),"") | AE6: =IFERROR(__xludf.DUMMYFUNCTION("IFERROR(INDEX(FILTER('製造效能'!Q:Q, '製造效能'!$A:$A=$C6, '製造效能'!$D:$D=$M6, '製造效能'!$E:$E=""攪料""), 1), INDEX(FILTER('製造效能'!Q:Q, '製造效能'!$B:$B=$D6, '製造效能'!$D:$D=$M6, '製造效能'!$E:$E=""攪料""), 1))"),1) -> 1 | AF6: =IFERROR(__xludf.DUMMYFUNCTION("IFERROR(INDEX(FILTER('製造效能'!R:R, '製造效能'!$A:$A=$C6, '製造效能'!$D:$D=$M6, '製造效能'!$E:$E=""攪料""), 1), INDEX(FILTER('製造效能'!R:R, '製造效能'!$B:$B=$D6, '製造效能'!$D:$D=$M6, '製造效能'!$E:$E=""攪料""), 1))"),"") | AG6: =IFERROR(__xludf.DUMMYFUNCTION("IFERROR(INDEX(FILTER('製造效能'!S:S, '製造效能'!$A:$A=$C6, '製造效能'!$D:$D=$M6, '製造效能'!$E:$E=""攪料""), 1), INDEX(FILTER('製造效能'!S:S, '製造效能'!$B:$B=$D6, '製造效能'!$D:$D=$M6, '製造效能'!$E:$E=""攪料""), 1))"),"") | AH6: =IFERROR(__xludf.DUMMYFUNCTION("IFERROR(INDEX(FILTER('製造效能'!T:T, '製造效能'!$A:$A=$C6, '製造效能'!$D:$D=$M6, '製造效能'!$E:$E=""攪料""), 1), INDEX(FILTER('製造效能'!T:T, '製造效能'!$B:$B=$D6, '製造效能'!$D:$D=$M6, '製造效能'!$E:$E=""攪料""), 1))"),"") | AI6: =IFERROR(__xludf.DUMMYFUNCTION("IFERROR(INDEX(FILTER('製造效能'!U:U, '製造效能'!$A:$A=$C6, '製造效能'!$D:$D=$M6, '製造效能'!$E:$E=""攪料""), 1), INDEX(FILTER('製造效能'!U:U, '製造效能'!$B:$B=$D6, '製造效能'!$D:$D=$M6, '製造效能'!$E:$E=""攪料""), 1))"),"") | AJ6: =IFERROR(__xludf.DUMMYFUNCTION("IFERROR(INDEX(FILTER('製造效能'!V:V, '製造效能'!$A:$A=$C6, '製造效能'!$D:$D=$M6, '製造效能'!$E:$E=""攪料""), 1), INDEX(FILTER('製造效能'!V:V, '製造效能'!$B:$B=$D6, '製造效能'!$D:$D=$M6, '製造效能'!$E:$E=""攪料""), 1))"),"") | AK6: =COUNTIF(充填效能!$A:$A, $C6) -> 3 | AL6: =IFERROR(__xludf.DUMMYFUNCTION("IFERROR(INDEX(FILTER('充填效能'!$Q$2:$Q$1088, '充填效能'!$A$2:$A$1088=$C6, '充填效能'!$D$2:$D$1088=""排瓶""), 1), 0)"),"1600") -> 1600 | AM6: =IFERROR(__xludf.DUMMYFUNCTION("IFERROR(INDEX(FILTER('充填效能'!$R$2:$R$1088, '充填效能'!$A$2:$A$1088=$C6, '充填效能'!$D$2:$D$1088=""排瓶""), 1), 0)"),1) -> 1 | AN6: =IF(AL6=0, 0, $F6/AL6) -> 6.25 | AO6: =IFERROR(__xludf.DUMMYFUNCTION("IFERROR(INDEX(FILTER('充填效能'!$Q$2:$Q$1088, '充填效能'!$A$2:$A$1088=$C6, '充填效能'!$D$2:$D$1088=""充填""), 1), 0)"),"1000") -> 1000 | AP6: =IFERROR(__xludf.DUMMYFUNCTION("IFERROR(INDEX(FILTER('充填效能'!$R$2:$R$1088, '充填效能'!$A$2:$A$1088=$C6, '充填效能'!$D$2:$D$1088=""充填""), 1), 0)"),4) -> 4 | AQ6: =IF(AO6=0, 0, $F6/AO6) -> 10 | AR6: =AP6*AQ6 -> 40
A7: 2201-23030900001-0002 | B7: =DATE(2000 + MID(A7, 6, 2), MID(A7, 8, 2), MID(A7, 10, 2)) -> 44994 | C7: MBY23F1F1P | D7: =MID(C7, 2, 6) -> BY23F1 | E7: PUR%CENT 2%水楊酸淨瑕抗痘精華30ml | F7: 3000 | G7: 45071 | H7: 45012 | I7: 44994 | J7: 44977 | L7: =IFERROR(__xludf.DUMMYFUNCTION("TEXTJOIN("", "", TRUE, UNIQUE(FILTER('製造效能'!$D$2:$D$1732, '製造效能'!$B$2:$B$1732 = D7)))"),"精") -> 精 | M7: =IFERROR(__xludf.DUMMYFUNCTION("INDEX(UNIQUE(FILTER('製造效能'!$D$2:$D$1732, ('製造效能'!$B$2:$B$1732 = D7) * ('製造效能'!$J$2:$J$1732 = MAXIFS('製造效能'!$J$2:$J$1732, '製造效能'!$B$2:$B$1732, D7)))), 1) "),"精") -> 精 | N7: =IFERROR(__xludf.DUMMYFUNCTION("TEXTJOIN("", "", TRUE, UNIQUE(FILTER('製造效能'!$K$2:$K$1732, '製造效能'!$B$2:$B$1732 = D7)))"),"水項") -> 水項 | O7: =IFERROR(__xludf.DUMMYFUNCTION("IFERROR(INDEX(FILTER('充填效能'!I$2:I$1088, '充填效能'!$A$2:$A$1088=$C7, '充填效能'!$D$2:$D$1088=""充填""), 1), 0)"),30.9) -> 30.9 | P7: =IFERROR(__xludf.DUMMYFUNCTION("IFERROR(INDEX(FILTER('充填效能'!J$2:J$1088, '充填效能'!$A$2:$A$1088=$C7, '充填效能'!$D$2:$D$1088=""充填""), 1), 0)"),"") | Q7: =IFERROR(__xludf.DUMMYFUNCTION("IFERROR(INDEX(FILTER('充填效能'!K$2:K$1088, '充填效能'!$A$2:$A$1088=$C7, '充填效能'!$D$2:$D$1088=""充填""), 1), 0)"),"") | R7: =IFERROR(__xludf.DUMMYFUNCTION("IFERROR(INDEX(FILTER('充填效能'!L$2:L$1088, '充填效能'!$A$2:$A$1088=$C7, '充填效能'!$D$2:$D$1088=""充填""), 1), 0)"),"") | S7: =COUNTIFS(製造效能!B:B, $D7,製造效能!D:D,M7) -> 3 | T7: =IFERROR(__xludf.DUMMYFUNCTION("VALUE(REGEXEXTRACT(TO_TEXT(O7), ""\d*\.?\d+""))"),30.9) -> 30.9 | U7: =F7*T7*1.015 -> 94090.5 | V7: =IFERROR(__xludf.DUMMYFUNCTION("IFERROR(INDEX(FILTER('製造效能'!J:J, '製造效能'!A:A=$C7, '製造效能'!D:D=M7, '製造效能'!E:E=""攪料""), 1), INDEX(FILTER('製造效能'!J:J, '製造效能'!B:B=$D7, '製造效能'!D:D=M7, '製造效能'!E:E=""攪料""), 1))"),96) -> 96 | W7: =IFERROR(__xludf.DUMMYFUNCTION("IFERROR(INDEX(FILTER('製造效能'!G:G, '製造效能'!A:A=$C7, '製造效能'!D:D=M7, '製造效能'!E:E=""攪料""), 1), INDEX(FILTER('製造效能'!G:G, '製造效能'!B:B=$D7, '製造效能'!D:D=M7, '製造效能'!E:E=""攪料""), 1))"),55) -> 55 | X7: =ROUNDUP(U7/1000/V7,0) -> 1 | Y7: =W7*X7 -> 55 | Z7: =IFERROR(__xludf.DUMMYFUNCTION("IFERROR(IFERROR(INDEX(FILTER('製造效能'!G:G, '製造效能'!A:A=$C7, '製造效能'!D:D=M7, '製造效能'!E:E=""預攪""), 1), INDEX(FILTER('製造效能'!G:G, '製造效能'!B:B=$D7, '製造效能'!D:D=M7, '製造效能'!E:E=""預攪""), 1)), 0)"),50) -> 50 | AA7: =IFERROR(__xludf.DUMMYFUNCTION("IFERROR(INDEX(FILTER('製造效能'!G:G, '製造效能'!A:A=$C7, '製造效能'!D:D=M7, '製造效能'!E:E=""清洗""), 1), INDEX(FILTER('製造效能'!G:G, '製造效能'!B:B=$D7, '製造效能'!D:D=M7, '製造效能'!E:E=""清洗""), 1))"),15) -> 15 | AB7: =IFERROR(__xludf.DUMMYFUNCTION("IFERROR(INDEX(FILTER('製造效能'!N:N, '製造效能'!$A:$A=$C7, '製造效能'!$D:$D=$M7, '製造效能'!$E:$E=""攪料""), 1), INDEX(FILTER('製造效能'!N:N, '製造效能'!$B:$B=$D7, '製造效能'!$D:$D=$M7, '製造效能'!$E:$E=""攪料""), 1))"),"") | AC7: =IFERROR(__xludf.DUMMYFUNCTION("IFERROR(INDEX(FILTER('製造效能'!O:O, '製造效能'!$A:$A=$C7, '製造效能'!$D:$D=$M7, '製造效能'!$E:$E=""攪料""), 1), INDEX(FILTER('製造效能'!O:O, '製造效能'!$B:$B=$D7, '製造效能'!$D:$D=$M7, '製造效能'!$E:$E=""攪料""), 1))"),1) -> 1 | AD7: =IFERROR(__xludf.DUMMYFUNCTION("IFERROR(INDEX(FILTER('製造效能'!P:P, '製造效能'!$A:$A=$C7, '製造效能'!$D:$D=$M7, '製造效能'!$E:$E=""攪料""), 1), INDEX(FILTER('製造效能'!P:P, '製造效能'!$B:$B=$D7, '製造效能'!$D:$D=$M7, '製造效能'!$E:$E=""攪料""), 1))"),"") | AE7: =IFERROR(__xludf.DUMMYFUNCTION("IFERROR(INDEX(FILTER('製造效能'!Q:Q, '製造效能'!$A:$A=$C7, '製造效能'!$D:$D=$M7, '製造效能'!$E:$E=""攪料""), 1), INDEX(FILTER('製造效能'!Q:Q, '製造效能'!$B:$B=$D7, '製造效能'!$D:$D=$M7, '製造效能'!$E:$E=""攪料""), 1))"),"") | AF7: =IFERROR(__xludf.DUMMYFUNCTION("IFERROR(INDEX(FILTER('製造效能'!R:R, '製造效能'!$A:$A=$C7, '製造效能'!$D:$D=$M7, '製造效能'!$E:$E=""攪料""), 1), INDEX(FILTER('製造效能'!R:R, '製造效能'!$B:$B=$D7, '製造效能'!$D:$D=$M7, '製造效能'!$E:$E=""攪料""), 1))"),"") | AG7: =IFERROR(__xludf.DUMMYFUNCTION("IFERROR(INDEX(FILTER('製造效能'!S:S, '製造效能'!$A:$A=$C7, '製造效能'!$D:$D=$M7, '製造效能'!$E:$E=""攪料""), 1), INDEX(FILTER('製造效能'!S:S, '製造效能'!$B:$B=$D7, '製造效能'!$D:$D=$M7, '製造效能'!$E:$E=""攪料""), 1))"),"") | AH7: =IFERROR(__xludf.DUMMYFUNCTION("IFERROR(INDEX(FILTER('製造效能'!T:T, '製造效能'!$A:$A=$C7, '製造效能'!$D:$D=$M7, '製造效能'!$E:$E=""攪料""), 1), INDEX(FILTER('製造效能'!T:T, '製造效能'!$B:$B=$D7, '製造效能'!$D:$D=$M7, '製造效能'!$E:$E=""攪料""), 1))"),"") | AI7: =IFERROR(__xludf.DUMMYFUNCTION("IFERROR(INDEX(FILTER('製造效能'!U:U, '製造效能'!$A:$A=$C7, '製造效能'!$D:$D=$M7, '製造效能'!$E:$E=""攪料""), 1), INDEX(FILTER('製造效能'!U:U, '製造效能'!$B:$B=$D7, '製造效能'!$D:$D=$M7, '製造效能'!$E:$E=""攪料""), 1))"),"") | AJ7: =IFERROR(__xludf.DUMMYFUNCTION("IFERROR(INDEX(FILTER('製造效能'!V:V, '製造效能'!$A:$A=$C7, '製造效能'!$D:$D=$M7, '製造效能'!$E:$E=""攪料""), 1), INDEX(FILTER('製造效能'!V:V, '製造效能'!$B:$B=$D7, '製造效能'!$D:$D=$M7, '製造效能'!$E:$E=""攪料""), 1))"),"") | AK7: =COUNTIF(充填效能!$A:$A, $C7) -> 2 | AL7: =IFERROR(__xludf.DUMMYFUNCTION("IFERROR(INDEX(FILTER('充填效能'!$Q$2:$Q$1088, '充填效能'!$A$2:$A$1088=$C7, '充填效能'!$D$2:$D$1088=""排瓶""), 1), 0)"),"1500") -> 1500 | AM7: =IFERROR(__xludf.DUMMYFUNCTION("IFERROR(INDEX(FILTER('充填效能'!$R$2:$R$1088, '充填效能'!$A$2:$A$1088=$C7, '充填效能'!$D$2:$D$1088=""排瓶""), 1), 0)"),1) -> 1 | AN7: =IF(AL7=0, 0, $F7/AL7) -> 2 | AO7: =IFERROR(__xludf.DUMMYFUNCTION("IFERROR(INDEX(FILTER('充填效能'!$Q$2:$Q$1088, '充填效能'!$A$2:$A$1088=$C7, '充填效能'!$D$2:$D$1088=""充填""), 1), 0)"),"1200") -> 1200 | AP7: =IFERROR(__xludf.DUMMYFUNCTION("IFERROR(INDEX(FILTER('充填效能'!$R$2:$R$1088, '充填效能'!$A$2:$A$1088=$C7, '充填效能'!$D$2:$D$1088=""充填""), 1), 0)"),4) -> 4 | AQ7: =IF(AO7=0, 0, $F7/AO7) -> 2.5 | AR7: =AP7*AQ7 -> 10
A8: 2201-23031600003-0001 | B8: =DATE(2000 + MID(A8, 6, 2), MID(A8, 8, 2), MID(A8, 10, 2)) -> 45001 | C8: PN1UVH7H2P | D8: =MID(C8, 2, 6) -> N1UVH7 | E8: 水感全效防曬乳 SPF50+/★★★★ | F8: 20000 | G8: 45107 | H8: 45023 | I8: 44987 | J8: 44986 | L8: =IFERROR(__xludf.DUMMYFUNCTION("TEXTJOIN("", "", TRUE, UNIQUE(FILTER('製造效能'!$D$2:$D$1732, '製造效能'!$B$2:$B$1732 = D8)))"),"精") -> 精 | M8: =IFERROR(__xludf.DUMMYFUNCTION("INDEX(UNIQUE(FILTER('製造效能'!$D$2:$D$1732, ('製造效能'!$B$2:$B$1732 = D8) * ('製造效能'!$J$2:$J$1732 = MAXIFS('製造效能'!$J$2:$J$1732, '製造效能'!$B$2:$B$1732, D8)))), 1) "),"精") -> 精 | N8: =IFERROR(__xludf.DUMMYFUNCTION("TEXTJOIN("", "", TRUE, UNIQUE(FILTER('製造效能'!$K$2:$K$1732, '製造效能'!$B$2:$B$1732 = D8)))"),"乳項") -> 乳項 | P8: =IFERROR(__xludf.DUMMYFUNCTION("IFERROR(INDEX(FILTER('充填效能'!J$2:J$1088, '充填效能'!$A$2:$A$1088=$C8, '充填效能'!$D$2:$D$1088=""充填""), 1), 0)"),"") | Q8: =IFERROR(__xludf.DUMMYFUNCTION("IFERROR(INDEX(FILTER('充填效能'!K$2:K$1088, '充填效能'!$A$2:$A$1088=$C8, '充填效能'!$D$2:$D$1088=""充填""), 1), 0)"),"") | R8: =IFERROR(__xludf.DUMMYFUNCTION("IFERROR(INDEX(FILTER('充填效能'!I$2:I$1088, '充填效能'!$A$2:$A$1088=$C8, '充填效能'!$D$2:$D$1088=""充填""), 1), 0)"),50) -> 50 | S8: =COUNTIFS(製造效能!B:B, $D8,製造效能!D:D,M8) -> 3 | T8: =IFERROR(__xludf.DUMMYFUNCTION("VALUE(REGEXEXTRACT(TO_TEXT(R8), ""\d*\.?\d+""))"),50) -> 50 | U8: =F8*T8*1.015 -> 1015000 | V8: =IFERROR(__xludf.DUMMYFUNCTION("IFERROR(INDEX(FILTER('製造效能'!J:J, '製造效能'!A:A=$C8, '製造效能'!D:D=M8, '製造效能'!E:E=""攪料""), 1), INDEX(FILTER('製造效能'!J:J, '製造效能'!B:B=$D8, '製造效能'!D:D=M8, '製造效能'!E:E=""攪料""), 1))"),70) -> 70 | W8: =IFERROR(__xludf.DUMMYFUNCTION("IFERROR(INDEX(FILTER('製造效能'!G:G, '製造效能'!A:A=$C8, '製造效能'!D:D=M8, '製造效能'!E:E=""攪料""), 1), INDEX(FILTER('製造效能'!G:G, '製造效能'!B:B=$D8, '製造效能'!D:D=M8, '製造效能'!E:E=""攪料""), 1))"),125) -> 125 | X8: =ROUNDUP(U8/1000/V8,0) -> 15 | Y8: =W8*X8 -> 1875 | Z8: =IFERROR(__xludf.DUMMYFUNCTION("IFERROR(IFERROR(INDEX(FILTER('製造效能'!G:G, '製造效能'!A:A=$C8, '製造效能'!D:D=M8, '製造效能'!E:E=""預攪""), 1), INDEX(FILTER('製造效能'!G:G, '製造效能'!B:B=$D8, '製造效能'!D:D=M8, '製造效能'!E:E=""預攪""), 1)), 0)"),35) -> 35 | AA8: =IFERROR(__xludf.DUMMYFUNCTION("IFERROR(INDEX(FILTER('製造效能'!G:G, '製造效能'!A:A=$C8, '製造效能'!D:D=M8, '製造效能'!E:E=""清洗""), 1), INDEX(FILTER('製造效能'!G:G, '製造效能'!B:B=$D8, '製造效能'!D:D=M8, '製造效能'!E:E=""清洗""), 1))"),15) -> 15 | AB8: =IFERROR(__xludf.DUMMYFUNCTION("IFERROR(INDEX(FILTER('製造效能'!N:N, '製造效能'!$A:$A=$C8, '製造效能'!$D:$D=$M8, '製造效能'!$E:$E=""攪料""), 1), INDEX(FILTER('製造效能'!N:N, '製造效能'!$B:$B=$D8, '製造效能'!$D:$D=$M8, '製造效能'!$E:$E=""攪料""), 1))"),"") | AC8: =IFERROR(__xludf.DUMMYFUNCTION("IFERROR(INDEX(FILTER('製造效能'!O:O, '製造效能'!$A:$A=$C8, '製造效能'!$D:$D=$M8, '製造效能'!$E:$E=""攪料""), 1), INDEX(FILTER('製造效能'!O:O, '製造效能'!$B:$B=$D8, '製造效能'!$D:$D=$M8, '製造效能'!$E:$E=""攪料""), 1))"),1) -> 1 | AD8: =IFERROR(__xludf.DUMMYFUNCTION("IFERROR(INDEX(FILTER('製造效能'!P:P, '製造效能'!$A:$A=$C8, '製造效能'!$D:$D=$M8, '製造效能'!$E:$E=""攪料""), 1), INDEX(FILTER('製造效能'!P:P, '製造效能'!$B:$B=$D8, '製造效能'!$D:$D=$M8, '製造效能'!$E:$E=""攪料""), 1))"),"") | AE8: =IFERROR(__xludf.DUMMYFUNCTION("IFERROR(INDEX(FILTER('製造效能'!Q:Q, '製造效能'!$A:$A=$C8, '製造效能'!$D:$D=$M8, '製造效能'!$E:$E=""攪料""), 1), INDEX(FILTER('製造效能'!Q:Q, '製造效能'!$B:$B=$D8, '製造效能'!$D:$D=$M8, '製造效能'!$E:$E=""攪料""), 1))"),"") | AF8: =IFERROR(__xludf.DUMMYFUNCTION("IFERROR(INDEX(FILTER('製造效能'!R:R, '製造效能'!$A:$A=$C8, '製造效能'!$D:$D=$M8, '製造效能'!$E:$E=""攪料""), 1), INDEX(FILTER('製造效能'!R:R, '製造效能'!$B:$B=$D8, '製造效能'!$D:$D=$M8, '製造效能'!$E:$E=""攪料""), 1))"),"") | AG8: =IFERROR(__xludf.DUMMYFUNCTION("IFERROR(INDEX(FILTER('製造效能'!S:S, '製造效能'!$A:$A=$C8, '製造效能'!$D:$D=$M8, '製造效能'!$E:$E=""攪料""), 1), INDEX(FILTER('製造效能'!S:S, '製造效能'!$B:$B=$D8, '製造效能'!$D:$D=$M8, '製造效能'!$E:$E=""攪料""), 1))"),"") | AH8: =IFERROR(__xludf.DUMMYFUNCTION("IFERROR(INDEX(FILTER('製造效能'!T:T, '製造效能'!$A:$A=$C8, '製造效能'!$D:$D=$M8, '製造效能'!$E:$E=""攪料""), 1), INDEX(FILTER('製造效能'!T:T, '製造效能'!$B:$B=$D8, '製造效能'!$D:$D=$M8, '製造效能'!$E:$E=""攪料""), 1))"),"") | AI8: =IFERROR(__xludf.DUMMYFUNCTION("IFERROR(INDEX(FILTER('製造效能'!U:U, '製造效能'!$A:$A=$C8, '製造效能'!$D:$D=$M8, '製造效能'!$E:$E=""攪料""), 1), INDEX(FILTER('製造效能'!U:U, '製造效能'!$B:$B=$D8, '製造效能'!$D:$D=$M8, '製造效能'!$E:$E=""攪料""), 1))"),"") | AJ8: =IFERROR(__xludf.DUMMYFUNCTION("IFERROR(INDEX(FILTER('製造效能'!V:V, '製造效能'!$A:$A=$C8, '製造效能'!$D:$D=$M8, '製造效能'!$E:$E=""攪料""), 1), INDEX(FILTER('製造效能'!V:V, '製造效能'!$B:$B=$D8, '製造效能'!$D:$D=$M8, '製造效能'!$E:$E=""攪料""), 1))"),"") | AK8: =COUNTIF(充填效能!$A:$A, $C8) -> 1 | AL8: =IFERROR(__xludf.DUMMYFUNCTION("IFERROR(INDEX(FILTER('充填效能'!$Q$2:$Q$1088, '充填效能'!$A$2:$A$1088=$C8, '充填效能'!$D$2:$D$1088=""排瓶""), 1), 0)"),0) -> 0 | AM8: =IFERROR(__xludf.DUMMYFUNCTION("IFERROR(INDEX(FILTER('充填效能'!$R$2:$R$1088, '充填效能'!$A$2:$A$1088=$C8, '充填效能'!$D$2:$D$1088=""排瓶""), 1), 0)"),0) -> 0 | AN8: =IF(AL8=0, 0, $F8/AL8) -> 0 | AO8: =IFERROR(__xludf.DUMMYFUNCTION("IFERROR(INDEX(FILTER('充填效能'!$Q$2:$Q$1088, '充填效能'!$A$2:$A$1088=$C8, '充填效能'!$D$2:$D$1088=""充填""), 1), 0)"),"800") -> 800 | AP8: =IFERROR(__xludf.DUMMYFUNCTION("IFERROR(INDEX(FILTER('充填效能'!$R$2:$R$1088, '充填效能'!$A$2:$A$1088=$C8, '充填效能'!$D$2:$D$1088=""充填""), 1), 0)"),4) -> 4 | AQ8: =IF(AO8=0, 0, $F8/AO8) -> 25 | AR8: =AP8*AQ8 -> 100
A9: 2201-23020200002-0001 | B9: =DATE(2000 + MID(A9, 6, 2), MID(A9, 8, 2), MID(A9, 10, 2)) -> 44959 | C9: PN1CAE2H1P | D9: =MID(C9, 2, 6) -> N1CAE2 | E9: 積雪草B5密集護理霜50ml | F9: 3783 | G9: 45061 | H9: 45026 | I9: 44959 | J9: 44974 | L9: =IFERROR(__xludf.DUMMYFUNCTION("TEXTJOIN("", "", TRUE, UNIQUE(FILTER('製造效能'!$D$2:$D$1732, '製造效能'!$B$2:$B$1732 = D9)))"),"小乳") -> 小乳 | M9: =IFERROR(__xludf.DUMMYFUNCTION("INDEX(UNIQUE(FILTER('製造效能'!$D$2:$D$1732, ('製造效能'!$B$2:$B$1732 = D9) * ('製造效能'!$J$2:$J$1732 = MAXIFS('製造效能'!$J$2:$J$1732, '製造效能'!$B$2:$B$1732, D9)))), 1) "),"小乳") -> 小乳 | N9: =IFERROR(__xludf.DUMMYFUNCTION("TEXTJOIN("", "", TRUE, UNIQUE(FILTER('製造效能'!$K$2:$K$1732, '製造效能'!$B$2:$B$1732 = D9)))"),"乳項") -> 乳項 | P9: =IFERROR(__xludf.DUMMYFUNCTION("IFERROR(INDEX(FILTER('充填效能'!J$2:J$1088, '充填效能'!$A$2:$A$1088=$C9, '充填效能'!$D$2:$D$1088=""充填""), 1), 0)"),"") | Q9: =IFERROR(__xludf.DUMMYFUNCTION("IFERROR(INDEX(FILTER('充填效能'!K$2:K$1088, '充填效能'!$A$2:$A$1088=$C9, '充填效能'!$D$2:$D$1088=""充填""), 1), 0)"),"") | R9: =IFERROR(__xludf.DUMMYFUNCTION("IFERROR(INDEX(FILTER('充填效能'!I$2:I$1088, '充填效能'!$A$2:$A$1088=$C9, '充填效能'!$D$2:$D$1088=""充填""), 1), 0)"),42.5) -> 42.5 | S9: =COUNTIFS(製造效能!B:B, $D9,製造效能!D:D,M9) -> 3 | T9: =IFERROR(__xludf.DUMMYFUNCTION("VALUE(REGEXEXTRACT(TO_TEXT(R9), ""\d*\.?\d+""))"),42.5) -> 42.5 | U9: =F9*T9*1.015 -> 163189.16 | V9: =IFERROR(__xludf.DUMMYFUNCTION("IFERROR(INDEX(FILTER('製造效能'!J:J, '製造效能'!A:A=$C9, '製造效能'!D:D=M9, '製造效能'!E:E=""攪料""), 1), INDEX(FILTER('製造效能'!J:J, '製造效能'!B:B=$D9, '製造效能'!D:D=M9, '製造效能'!E:E=""攪料""), 1))"),52) -> 52 | W9: =IFERROR(__xludf.DUMMYFUNCTION("IFERROR(INDEX(FILTER('製造效能'!G:G, '製造效能'!A:A=$C9, '製造效能'!D:D=M9, '製造效能'!E:E=""攪料""), 1), INDEX(FILTER('製造效能'!G:G, '製造效能'!B:B=$D9, '製造效能'!D:D=M9, '製造效能'!E:E=""攪料""), 1))"),140) -> 140 | X9: =ROUNDUP(U9/1000/V9,0) -> 4 | Y9: =W9*X9 -> 560 | Z9: =IFERROR(__xludf.DUMMYFUNCTION("IFERROR(IFERROR(INDEX(FILTER('製造效能'!G:G, '製造效能'!A:A=$C9, '製造效能'!D:D=M9, '製造效能'!E:E=""預攪""), 1), INDEX(FILTER('製造效能'!G:G, '製造效能'!B:B=$D9, '製造效能'!D:D=M9, '製造效能'!E:E=""預攪""), 1)), 0)"),40) -> 40 | AA9: =IFERROR(__xludf.DUMMYFUNCTION("IFERROR(INDEX(FILTER('製造效能'!G:G, '製造效能'!A:A=$C9, '製造效能'!D:D=M9, '製造效能'!E:E=""清洗""), 1), INDEX(FILTER('製造效能'!G:G, '製造效能'!B:B=$D9, '製造效能'!D:D=M9, '製造效能'!E:E=""清洗""), 1))"),60) -> 60 | AB9: =IFERROR(__xludf.DUMMYFUNCTION("IFERROR(INDEX(FILTER('製造效能'!N:N, '製造效能'!$A:$A=$C9, '製造效能'!$D:$D=$M9, '製造效能'!$E:$E=""攪料""), 1), INDEX(FILTER('製造效能'!N:N, '製造效能'!$B:$B=$D9, '製造效能'!$D:$D=$M9, '製造效能'!$E:$E=""攪料""), 1))"),"") | AC9: =IFERROR(__xludf.DUMMYFUNCTION("IFERROR(INDEX(FILTER('製造效能'!O:O, '製造效能'!$A:$A=$C9, '製造效能'!$D:$D=$M9, '製造效能'!$E:$E=""攪料""), 1), INDEX(FILTER('製造效能'!O:O, '製造效能'!$B:$B=$D9, '製造效能'!$D:$D=$M9, '製造效能'!$E:$E=""攪料""), 1))"),"") | AD9: =IFERROR(__xludf.DUMMYFUNCTION("IFERROR(INDEX(FILTER('製造效能'!P:P, '製造效能'!$A:$A=$C9, '製造效能'!$D:$D=$M9, '製造效能'!$E:$E=""攪料""), 1), INDEX(FILTER('製造效能'!P:P, '製造效能'!$B:$B=$D9, '製造效能'!$D:$D=$M9, '製造效能'!$E:$E=""攪料""), 1))"),1) -> 1 | AE9: =IFERROR(__xludf.DUMMYFUNCTION("IFERROR(INDEX(FILTER('製造效能'!Q:Q, '製造效能'!$A:$A=$C9, '製造效能'!$D:$D=$M9, '製造效能'!$E:$E=""攪料""), 1), INDEX(FILTER('製造效能'!Q:Q, '製造效能'!$B:$B=$D9, '製造效能'!$D:$D=$M9, '製造效能'!$E:$E=""攪料""), 1))"),"") | AF9: =IFERROR(__xludf.DUMMYFUNCTION("IFERROR(INDEX(FILTER('製造效能'!R:R, '製造效能'!$A:$A=$C9, '製造效能'!$D:$D=$M9, '製造效能'!$E:$E=""攪料""), 1), INDEX(FILTER('製造效能'!R:R, '製造效能'!$B:$B=$D9, '製造效能'!$D:$D=$M9, '製造效能'!$E:$E=""攪料""), 1))"),"") | AG9: =IFERROR(__xludf.DUMMYFUNCTION("IFERROR(INDEX(FILTER('製造效能'!S:S, '製造效能'!$A:$A=$C9, '製造效能'!$D:$D=$M9, '製造效能'!$E:$E=""攪料""), 1), INDEX(FILTER('製造效能'!S:S, '製造效能'!$B:$B=$D9, '製造效能'!$D:$D=$M9, '製造效能'!$E:$E=""攪料""), 1))"),"") | AH9: =IFERROR(__xludf.DUMMYFUNCTION("IFERROR(INDEX(FILTER('製造效能'!T:T, '製造效能'!$A:$A=$C9, '製造效能'!$D:$D=$M9, '製造效能'!$E:$E=""攪料""), 1), INDEX(FILTER('製造效能'!T:T, '製造效能'!$B:$B=$D9, '製造效能'!$D:$D=$M9, '製造效能'!$E:$E=""攪料""), 1))"),"") | AI9: =IFERROR(__xludf.DUMMYFUNCTION("IFERROR(INDEX(FILTER('製造效能'!U:U, '製造效能'!$A:$A=$C9, '製造效能'!$D:$D=$M9, '製造效能'!$E:$E=""攪料""), 1), INDEX(FILTER('製造效能'!U:U, '製造效能'!$B:$B=$D9, '製造效能'!$D:$D=$M9, '製造效能'!$E:$E=""攪料""), 1))"),"") | AJ9: =IFERROR(__xludf.DUMMYFUNCTION("IFERROR(INDEX(FILTER('製造效能'!V:V, '製造效能'!$A:$A=$C9, '製造效能'!$D:$D=$M9, '製造效能'!$E:$E=""攪料""), 1), INDEX(FILTER('製造效能'!V:V, '製造效能'!$B:$B=$D9, '製造效能'!$D:$D=$M9, '製造效能'!$E:$E=""攪料""), 1))"),"") | AK9: =COUNTIF(充填效能!$A:$A, $C9) -> 1 | AL9: =IFERROR(__xludf.DUMMYFUNCTION("IFERROR(INDEX(FILTER('充填效能'!$Q$2:$Q$1088, '充填效能'!$A$2:$A$1088=$C9, '充填效能'!$D$2:$D$1088=""排瓶""), 1), 0)"),0) -> 0 | AM9: =IFERROR(__xludf.DUMMYFUNCTION("IFERROR(INDEX(FILTER('充填效能'!$R$2:$R$1088, '充填效能'!$A$2:$A$1088=$C9, '充填效能'!$D$2:$D$1088=""排瓶""), 1), 0)"),0) -> 0 | AN9: =IF(AL9=0, 0, $F9/AL9) -> 0 | AO9: =IFERROR(__xludf.DUMMYFUNCTION("IFERROR(INDEX(FILTER('充填效能'!$Q$2:$Q$1088, '充填效能'!$A$2:$A$1088=$C9, '充填效能'!$D$2:$D$1088=""充填""), 1), 0)"),420) -> 420 | AP9: =IFERROR(__xludf.DUMMYFUNCTION("IFERROR(INDEX(FILTER('充填效能'!$R$2:$R$1088, '充填效能'!$A$2:$A$1088=$C9, '充填效能'!$D$2:$D$1088=""充填""), 1), 0)"),3) -> 3 | AQ9: =IF(AO9=0, 0, $F9/AO9) -> 9.0071429 | AR9: =AP9*AQ9 -> 27.021429
A10: 2201-23021600002-0001 | B10: =DATE(2000 + MID(A10, 6, 2), MID(A10, 8, 2), MID(A10, 10, 2)) -> 44973 | C10: PN1YLF2G1P | D10: =MID(C10, 2, 6) -> N1YLF2 | E10: 胜肽撫紋賦活眼霜40ml | F10: 11921 | G10: 45082 | H10: 45028 | I10: 44987 | J10: 45023 | L10: =IFERROR(__xludf.DUMMYFUNCTION("TEXTJOIN("", "", TRUE, UNIQUE(FILTER('製造效能'!$D$2:$D$1732, '製造效能'!$B$2:$B$1732 = D10)))"),"小乳, 大乳") -> 小乳, 大乳 | M10: =IFERROR(__xludf.DUMMYFUNCTION("INDEX(UNIQUE(FILTER('製造效能'!$D$2:$D$1732, ('製造效能'!$B$2:$B$1732 = D10) * ('製造效能'!$J$2:$J$1732 = MAXIFS('製造效能'!$J$2:$J$1732, '製造效能'!$B$2:$B$1732, D10)))), 1) "),"大乳") -> 大乳 | N10: =IFERROR(__xludf.DUMMYFUNCTION("TEXTJOIN("", "", TRUE, UNIQUE(FILTER('製造效能'!$K$2:$K$1732, '製造效能'!$B$2:$B$1732 = D10)))"),"乳項") -> 乳項 | P10: =IFERROR(__xludf.DUMMYFUNCTION("IFERROR(INDEX(FILTER('充填效能'!J$2:J$1088, '充填效能'!$A$2:$A$1088=$C10, '充填效能'!$D$2:$D$1088=""充填""), 1), 0)"),"") | Q10: =IFERROR(__xludf.DUMMYFUNCTION("IFERROR(INDEX(FILTER('充填效能'!K$2:K$1088, '充填效能'!$A$2:$A$1088=$C10, '充填效能'!$D$2:$D$1088=""充填""), 1), 0)"),"") | R10: =IFERROR(__xludf.DUMMYFUNCTION("IFERROR(INDEX(FILTER('充填效能'!I$2:I$1088, '充填效能'!$A$2:$A$1088=$C10, '充填效能'!$D$2:$D$1088=""充填""), 1), 0)"),40) -> 40 | S10: =COUNTIFS(製造效能!B:B, $D10,製造效能!D:D,M10) -> 3 | T10: =IFERROR(__xludf.DUMMYFUNCTION("VALUE(REGEXEXTRACT(TO_TEXT(R10), ""\d*\.?\d+""))"),40) -> 40 | U10: =F10*T10*1.015 -> 483992.6 | V10: =IFERROR(__xludf.DUMMYFUNCTION("IFERROR(INDEX(FILTER('製造效能'!J:J, '製造效能'!A:A=$C10, '製造效能'!D:D=M10, '製造效能'!E:E=""攪料""), 1), INDEX(FILTER('製造效能'!J:J, '製造效能'!B:B=$D10, '製造效能'!D:D=M10, '製造效能'!E:E=""攪料""), 1))"),103) -> 103 | W10: =IFERROR(__xludf.DUMMYFUNCTION("IFERROR(INDEX(FILTER('製造效能'!G:G, '製造效能'!A:A=$C10, '製造效能'!D:D=M10, '製造效能'!E:E=""攪料""), 1), INDEX(FILTER('製造效能'!G:G, '製造效能'!B:B=$D10, '製造效能'!D:D=M10, '製造效能'!E:E=""攪料""), 1))"),180) -> 180 | X10: =ROUNDUP(U10/1000/V10,0) -> 5 | Y10: =W10*X10 -> 900 | Z10: =IFERROR(__xludf.DUMMYFUNCTION("IFERROR(IFERROR(INDEX(FILTER('製造效能'!G:G, '製造效能'!A:A=$C10, '製造效能'!D:D=M10, '製造效能'!E:E=""預攪""), 1), INDEX(FILTER('製造效能'!G:G, '製造效能'!B:B=$D10, '製造效能'!D:D=M10, '製造效能'!E:E=""預攪""), 1)), 0)"),30) -> 30 | AA10: =IFERROR(__xludf.DUMMYFUNCTION("IFERROR(INDEX(FILTER('製造效能'!G:G, '製造效能'!A:A=$C10, '製造效能'!D:D=M10, '製造效能'!E:E=""清洗""), 1), INDEX(FILTER('製造效能'!G:G, '製造效能'!B:B=$D10, '製造效能'!D:D=M10, '製造效能'!E:E=""清洗""), 1))"),40) -> 40 | AB10: =IFERROR(__xludf.DUMMYFUNCTION("IFERROR(INDEX(FILTER('製造效能'!N:N, '製造效能'!$A:$A=$C10, '製造效能'!$D:$D=$M10, '製造效能'!$E:$E=""攪料""), 1), INDEX(FILTER('製造效能'!N:N, '製造效能'!$B:$B=$D10, '製造效能'!$D:$D=$M10, '製造效能'!$E:$E=""攪料""), 1))"),"") | AC10: =IFERROR(__xludf.DUMMYFUNCTION("IFERROR(INDEX(FILTER('製造效能'!O:O, '製造效能'!$A:$A=$C10, '製造效能'!$D:$D=$M10, '製造效能'!$E:$E=""攪料""), 1), INDEX(FILTER('製造效能'!O:O, '製造效能'!$B:$B=$D10, '製造效能'!$D:$D=$M10, '製造效能'!$E:$E=""攪料""), 1))"),"") | AD10: =IFERROR(__xludf.DUMMYFUNCTION("IFERROR(INDEX(FILTER('製造效能'!P:P, '製造效能'!$A:$A=$C10, '製造效能'!$D:$D=$M10, '製造效能'!$E:$E=""攪料""), 1), INDEX(FILTER('製造效能'!P:P, '製造效能'!$B:$B=$D10, '製造效能'!$D:$D=$M10, '製造效能'!$E:$E=""攪料""), 1))"),"") | AE10: =IFERROR(__xludf.DUMMYFUNCTION("IFERROR(INDEX(FILTER('製造效能'!Q:Q, '製造效能'!$A:$A=$C10, '製造效能'!$D:$D=$M10, '製造效能'!$E:$E=""攪料""), 1), INDEX(FILTER('製造效能'!Q:Q, '製造效能'!$B:$B=$D10, '製造效能'!$D:$D=$M10, '製造效能'!$E:$E=""攪料""), 1))"),1) -> 1 | AF10: =IFERROR(__xludf.DUMMYFUNCTION("IFERROR(INDEX(FILTER('製造效能'!R:R, '製造效能'!$A:$A=$C10, '製造效能'!$D:$D=$M10, '製造效能'!$E:$E=""攪料""), 1), INDEX(FILTER('製造效能'!R:R, '製造效能'!$B:$B=$D10, '製造效能'!$D:$D=$M10, '製造效能'!$E:$E=""攪料""), 1))"),"") | AG10: =IFERROR(__xludf.DUMMYFUNCTION("IFERROR(INDEX(FILTER('製造效能'!S:S, '製造效能'!$A:$A=$C10, '製造效能'!$D:$D=$M10, '製造效能'!$E:$E=""攪料""), 1), INDEX(FILTER('製造效能'!S:S, '製造效能'!$B:$B=$D10, '製造效能'!$D:$D=$M10, '製造效能'!$E:$E=""攪料""), 1))"),"") | AH10: =IFERROR(__xludf.DUMMYFUNCTION("IFERROR(INDEX(FILTER('製造效能'!T:T, '製造效能'!$A:$A=$C10, '製造效能'!$D:$D=$M10, '製造效能'!$E:$E=""攪料""), 1), INDEX(FILTER('製造效能'!T:T, '製造效能'!$B:$B=$D10, '製造效能'!$D:$D=$M10, '製造效能'!$E:$E=""攪料""), 1))"),"") | AI10: =IFERROR(__xludf.DUMMYFUNCTION("IFERROR(INDEX(FILTER('製造效能'!U:U, '製造效能'!$A:$A=$C10, '製造效能'!$D:$D=$M10, '製造效能'!$E:$E=""攪料""), 1), INDEX(FILTER('製造效能'!U:U, '製造效能'!$B:$B=$D10, '製造效能'!$D:$D=$M10, '製造效能'!$E:$E=""攪料""), 1))"),"") | AJ10: =IFERROR(__xludf.DUMMYFUNCTION("IFERROR(INDEX(FILTER('製造效能'!V:V, '製造效能'!$A:$A=$C10, '製造效能'!$D:$D=$M10, '製造效能'!$E:$E=""攪料""), 1), INDEX(FILTER('製造效能'!V:V, '製造效能'!$B:$B=$D10, '製造效能'!$D:$D=$M10, '製造效能'!$E:$E=""攪料""), 1))"),"") | AK10: =COUNTIF(充填效能!$A:$A, $C10) -> 1 | AL10: =IFERROR(__xludf.DUMMYFUNCTION("IFERROR(INDEX(FILTER('充填效能'!$Q$2:$Q$1088, '充填效能'!$A$2:$A$1088=$C10, '充填效能'!$D$2:$D$1088=""排瓶""), 1), 0)"),0) -> 0 | AM10: =IFERROR(__xludf.DUMMYFUNCTION("IFERROR(INDEX(FILTER('充填效能'!$R$2:$R$1088, '充填效能'!$A$2:$A$1088=$C10, '充填效能'!$D$2:$D$1088=""排瓶""), 1), 0)"),0) -> 0 | AN10: =IF(AL10=0, 0, $F10/AL10) -> 0 | AO10: =IFERROR(__xludf.DUMMYFUNCTION("IFERROR(INDEX(FILTER('充填效能'!$Q$2:$Q$1088, '充填效能'!$A$2:$A$1088=$C10, '充填效能'!$D$2:$D$1088=""充填""), 1), 0)"),"850") -> 850 | AP10: =IFERROR(__xludf.DUMMYFUNCTION("IFERROR(INDEX(FILTER('充填效能'!$R$2:$R$1088, '充填效能'!$A$2:$A$1088=$C10, '充填效能'!$D$2:$D$1088=""充填""), 1), 0)"),4) -> 4 | AQ10: =IF(AO10=0, 0, $F10/AO10) -> 14.024706 | AR10: =AP10*AQ10 -> 56.098824
A11: 2201-22060900003-0001 | B11: =DATE(2000 + MID(A11, 6, 2), MID(A11, 8, 2), MID(A11, 10, 2)) -> 44721 | C11: MDJ20H1F1P | D11: =MID(C11, 2, 6) -> DJ20H1 | E11: 馨朵拉純物理嬰兒防曬乳(SPF30 PA***) 30ml | F11: 2000 | G11: 45054 | H11: 45030 | I11: 45015 | J11: 44973 | L11: =IFERROR(__xludf.DUMMYFUNCTION("TEXTJOIN("", "", TRUE, UNIQUE(FILTER('製造效能'!$D$2:$D$1732, '製造效能'!$B$2:$B$1732 = D11)))"),"小乳") -> 小乳 | M11: =IFERROR(__xludf.DUMMYFUNCTION("INDEX(UNIQUE(FILTER('製造效能'!$D$2:$D$1732, ('製造效能'!$B$2:$B$1732 = D11) * ('製造效能'!$J$2:$J$1732 = MAXIFS('製造效能'!$J$2:$J$1732, '製造效能'!$B$2:$B$1732, D11)))), 1) "),"小乳") -> 小乳 | N11: =IFERROR(__xludf.DUMMYFUNCTION("TEXTJOIN("", "", TRUE, UNIQUE(FILTER('製造效能'!$K$2:$K$1732, '製造效能'!$B$2:$B$1732 = D11)))"),"乳項") -> 乳項 | P11: =IFERROR(__xludf.DUMMYFUNCTION("IFERROR(INDEX(FILTER('充填效能'!J$2:J$1088, '充填效能'!$A$2:$A$1088=$C11, '充填效能'!$D$2:$D$1088=""充填""), 1), 0)"),"") | Q11: =IFERROR(__xludf.DUMMYFUNCTION("IFERROR(INDEX(FILTER('充填效能'!K$2:K$1088, '充填效能'!$A$2:$A$1088=$C11, '充填效能'!$D$2:$D$1088=""充填""), 1), 0)"),"") | R11: =IFERROR(__xludf.DUMMYFUNCTION("IFERROR(INDEX(FILTER('充填效能'!I$2:I$1088, '充填效能'!$A$2:$A$1088=$C11, '充填效能'!$D$2:$D$1088=""充填""), 1), 0)"),31.45) -> 31.45 | S11: =COUNTIFS(製造效能!B:B, $D11,製造效能!D:D,M11) -> 3 | T11: =IFERROR(__xludf.DUMMYFUNCTION("VALUE(REGEXEXTRACT(TO_TEXT(R11), ""\d*\.?\d+""))"),31.45) -> 31.45 | U11: =F11*T11*1.015 -> 63843.5 | V11: =IFERROR(__xludf.DUMMYFUNCTION("IFERROR(INDEX(FILTER('製造效能'!J:J, '製造效能'!A:A=$C11, '製造效能'!D:D=M11, '製造效能'!E:E=""攪料""), 1), INDEX(FILTER('製造效能'!J:J, '製造效能'!B:B=$D11, '製造效能'!D:D=M11, '製造效能'!E:E=""攪料""), 1))"),44) -> 44 | W11: =IFERROR(__xludf.DUMMYFUNCTION("IFERROR(INDEX(FILTER('製造效能'!G:G, '製造效能'!A:A=$C11, '製造效能'!D:D=M11, '製造效能'!E:E=""攪料""), 1), INDEX(FILTER('製造效能'!G:G, '製造效能'!B:B=$D11, '製造效能'!D:D=M11, '製造效能'!E:E=""攪料""), 1))"),165) -> 165 | X11: =ROUNDUP(U11/1000/V11,0) -> 2 | Y11: =W11*X11 -> 330 | Z11: =IFERROR(__xludf.DUMMYFUNCTION("IFERROR(IFERROR(INDEX(FILTER('製造效能'!G:G, '製造效能'!A:A=$C11, '製造效能'!D:D=M11, '製造效能'!E:E=""預攪""), 1), INDEX(FILTER('製造效能'!G:G, '製造效能'!B:B=$D11, '製造效能'!D:D=M11, '製造效能'!E:E=""預攪""), 1)), 0)"),75) -> 75 | AA11: =IFERROR(__xludf.DUMMYFUNCTION("IFERROR(INDEX(FILTER('製造效能'!G:G, '製造效能'!A:A=$C11, '製造效能'!D:D=M11, '製造效能'!E:E=""清洗""), 1), INDEX(FILTER('製造效能'!G:G, '製造效能'!B:B=$D11, '製造效能'!D:D=M11, '製造效能'!E:E=""清洗""), 1))"),90) -> 90 | AB11: =IFERROR(__xludf.DUMMYFUNCTION("IFERROR(INDEX(FILTER('製造效能'!N:N, '製造效能'!$A:$A=$C11, '製造效能'!$D:$D=$M11, '製造效能'!$E:$E=""攪料""), 1), INDEX(FILTER('製造效能'!N:N, '製造效能'!$B:$B=$D11, '製造效能'!$D:$D=$M11, '製造效能'!$E:$E=""攪料""), 1))"),"") | AC11: =IFERROR(__xludf.DUMMYFUNCTION("IFERROR(INDEX(FILTER('製造效能'!O:O, '製造效能'!$A:$A=$C11, '製造效能'!$D:$D=$M11, '製造效能'!$E:$E=""攪料""), 1), INDEX(FILTER('製造效能'!O:O, '製造效能'!$B:$B=$D11, '製造效能'!$D:$D=$M11, '製造效能'!$E:$E=""攪料""), 1))"),"") | AD11: =IFERROR(__xludf.DUMMYFUNCTION("IFERROR(INDEX(FILTER('製造效能'!P:P, '製造效能'!$A:$A=$C11, '製造效能'!$D:$D=$M11, '製造效能'!$E:$E=""攪料""), 1), INDEX(FILTER('製造效能'!P:P, '製造效能'!$B:$B=$D11, '製造效能'!$D:$D=$M11, '製造效能'!$E:$E=""攪料""), 1))"),1) -> 1 | AE11: =IFERROR(__xludf.DUMMYFUNCTION("IFERROR(INDEX(FILTER('製造效能'!Q:Q, '製造效能'!$A:$A=$C11, '製造效能'!$D:$D=$M11, '製造效能'!$E:$E=""攪料""), 1), INDEX(FILTER('製造效能'!Q:Q, '製造效能'!$B:$B=$D11, '製造效能'!$D:$D=$M11, '製造效能'!$E:$E=""攪料""), 1))"),"") | AF11: =IFERROR(__xludf.DUMMYFUNCTION("IFERROR(INDEX(FILTER('製造效能'!R:R, '製造效能'!$A:$A=$C11, '製造效能'!$D:$D=$M11, '製造效能'!$E:$E=""攪料""), 1), INDEX(FILTER('製造效能'!R:R, '製造效能'!$B:$B=$D11, '製造效能'!$D:$D=$M11, '製造效能'!$E:$E=""攪料""), 1))"),"") | AG11: =IFERROR(__xludf.DUMMYFUNCTION("IFERROR(INDEX(FILTER('製造效能'!S:S, '製造效能'!$A:$A=$C11, '製造效能'!$D:$D=$M11, '製造效能'!$E:$E=""攪料""), 1), INDEX(FILTER('製造效能'!S:S, '製造效能'!$B:$B=$D11, '製造效能'!$D:$D=$M11, '製造效能'!$E:$E=""攪料""), 1))"),"") | AH11: =IFERROR(__xludf.DUMMYFUNCTION("IFERROR(INDEX(FILTER('製造效能'!T:T, '製造效能'!$A:$A=$C11, '製造效能'!$D:$D=$M11, '製造效能'!$E:$E=""攪料""), 1), INDEX(FILTER('製造效能'!T:T, '製造效能'!$B:$B=$D11, '製造效能'!$D:$D=$M11, '製造效能'!$E:$E=""攪料""), 1))"),"") | AI11: =IFERROR(__xludf.DUMMYFUNCTION("IFERROR(INDEX(FILTER('製造效能'!U:U, '製造效能'!$A:$A=$C11, '製造效能'!$D:$D=$M11, '製造效能'!$E:$E=""攪料""), 1), INDEX(FILTER('製造效能'!U:U, '製造效能'!$B:$B=$D11, '製造效能'!$D:$D=$M11, '製造效能'!$E:$E=""攪料""), 1))"),"") | AJ11: =IFERROR(__xludf.DUMMYFUNCTION("IFERROR(INDEX(FILTER('製造效能'!V:V, '製造效能'!$A:$A=$C11, '製造效能'!$D:$D=$M11, '製造效能'!$E:$E=""攪料""), 1), INDEX(FILTER('製造效能'!V:V, '製造效能'!$B:$B=$D11, '製造效能'!$D:$D=$M11, '製造效能'!$E:$E=""攪料""), 1))"),"") | AK11: =COUNTIF(充填效能!$A:$A, $C11) -> 1 | AL11: =IFERROR(__xludf.DUMMYFUNCTION("IFERROR(INDEX(FILTER('充填效能'!$Q$2:$Q$1088, '充填效能'!$A$2:$A$1088=$C11, '充填效能'!$D$2:$D$1088=""排瓶""), 1), 0)"),0) -> 0 | AM11: =IFERROR(__xludf.DUMMYFUNCTION("IFERROR(INDEX(FILTER('充填效能'!$R$2:$R$1088, '充填效能'!$A$2:$A$1088=$C11, '充填效能'!$D$2:$D$1088=""排瓶""), 1), 0)"),0) -> 0 | AN11: =IF(AL11=0, 0, $F11/AL11) -> 0 | AO11: =IFERROR(__xludf.DUMMYFUNCTION("IFERROR(INDEX(FILTER('充填效能'!$Q$2:$Q$1088, '充填效能'!$A$2:$A$1088=$C11, '充填效能'!$D$2:$D$1088=""充填""), 1), 0)"),"800") -> 800 | AP11: =IFERROR(__xludf.DUMMYFUNCTION("IFERROR(INDEX(FILTER('充填效能'!$R$2:$R$1088, '充填效能'!$A$2:$A$1088=$C11, '充填效能'!$D$2:$D$1088=""充填""), 1), 0)"),3) -> 3 | AQ11: =IF(AO11=0, 0, $F11/AO11) -> 2.5 | AR11: =AP11*AQ11 -> 7.5
A12: 2201-23021300004-0001 | B12: =DATE(2000 + MID(A12, 6, 2), MID(A12, 8, 2), MID(A12, 10, 2)) -> 44970 | C12: MAW21C4K1P | D12: =MID(C12, 2, 6) -> AW21C4 | E12: 極致水潤光保濕化妝水100ml | F12: 2000 | G12: 45044 | H12: 45035 | I12: 44993 | J12: 44972 | L12: =IFERROR(__xludf.DUMMYFUNCTION("TEXTJOIN("", "", TRUE, UNIQUE(FILTER('製造效能'!$D$2:$D$1732, '製造效能'!$B$2:$B$1732 = D12)))"),"精, 大") -> 精, 大 | M12: =IFERROR(__xludf.DUMMYFUNCTION("INDEX(UNIQUE(FILTER('製造效能'!$D$2:$D$1732, ('製造效能'!$B$2:$B$1732 = D12) * ('製造效能'!$J$2:$J$1732 = MAXIFS('製造效能'!$J$2:$J$1732, '製造效能'!$B$2:$B$1732, D12)))), 1) "),"大") -> 大 | N12: =IFERROR(__xludf.DUMMYFUNCTION("TEXTJOIN("", "", TRUE, UNIQUE(FILTER('製造效能'!$K$2:$K$1732, '製造效能'!$B$2:$B$1732 = D12)))"),"水項") -> 水項 | O12: =IFERROR(__xludf.DUMMYFUNCTION("IFERROR(INDEX(FILTER('充填效能'!I$2:I$1088, '充填效能'!$A$2:$A$1088=$C12, '充填效能'!$D$2:$D$1088=""充填""), 1), 0)"),100) -> 100 | P12: =IFERROR(__xludf.DUMMYFUNCTION("IFERROR(INDEX(FILTER('充填效能'!J$2:J$1088, '充填效能'!$A$2:$A$1088=$C12, '充填效能'!$D$2:$D$1088=""充填""), 1), 0)"),"") | Q12: =IFERROR(__xludf.DUMMYFUNCTION("IFERROR(INDEX(FILTER('充填效能'!K$2:K$1088, '充填效能'!$A$2:$A$1088=$C12, '充填效能'!$D$2:$D$1088=""充填""), 1), 0)"),"") | R12: =IFERROR(__xludf.DUMMYFUNCTION("IFERROR(INDEX(FILTER('充填效能'!L$2:L$1088, '充填效能'!$A$2:$A$1088=$C12, '充填效能'!$D$2:$D$1088=""充填""), 1), 0)"),"") | S12: =COUNTIFS(製造效能!B:B, $D12,製造效能!D:D,M12) -> 9 | T12: =IFERROR(__xludf.DUMMYFUNCTION("VALUE(REGEXEXTRACT(TO_TEXT(O12), ""\d*\.?\d+""))"),100) -> 100 | U12: =F12*T12*1.015 -> 203000 | V12: =IFERROR(__xludf.DUMMYFUNCTION("IFERROR(INDEX(FILTER('製造效能'!J:J, '製造效能'!A:A=$C12, '製造效能'!D:D=M12, '製造效能'!E:E=""攪料""), 1), INDEX(FILTER('製造效能'!J:J, '製造效能'!B:B=$D12, '製造效能'!D:D=M12, '製造效能'!E:E=""攪料""), 1))"),410) -> 410 | W12: =IFERROR(__xludf.DUMMYFUNCTION("IFERROR(INDEX(FILTER('製造效能'!G:G, '製造效能'!A:A=$C12, '製造效能'!D:D=M12, '製造效能'!E:E=""攪料""), 1), INDEX(FILTER('製造效能'!G:G, '製造效能'!B:B=$D12, '製造效能'!D:D=M12, '製造效能'!E:E=""攪料""), 1))"),130) -> 130 | X12: =ROUNDUP(U12/1000/V12,0) -> 1 | Y12: =W12*X12 -> 130 | Z12: =IFERROR(__xludf.DUMMYFUNCTION("IFERROR(IFERROR(INDEX(FILTER('製造效能'!G:G, '製造效能'!A:A=$C12, '製造效能'!D:D=M12, '製造效能'!E:E=""預攪""), 1), INDEX(FILTER('製造效能'!G:G, '製造效能'!B:B=$D12, '製造效能'!D:D=M12, '製造效能'!E:E=""預攪""), 1)), 0)"),55) -> 55 | AA12: =IFERROR(__xludf.DUMMYFUNCTION("IFERROR(INDEX(FILTER('製造效能'!G:G, '製造效能'!A:A=$C12, '製造效能'!D:D=M12, '製造效能'!E:E=""清洗""), 1), INDEX(FILTER('製造效能'!G:G, '製造效能'!B:B=$D12, '製造效能'!D:D=M12, '製造效能'!E:E=""清洗""), 1))"),30) -> 30 | AB12: =IFERROR(__xludf.DUMMYFUNCTION("IFERROR(INDEX(FILTER('製造效能'!N:N, '製造效能'!$A:$A=$C12, '製造效能'!$D:$D=$M12, '製造效能'!$E:$E=""攪料""), 1), INDEX(FILTER('製造效能'!N:N, '製造效能'!$B:$B=$D12, '製造效能'!$D:$D=$M12, '製造效能'!$E:$E=""攪料""), 1))"),"") | AC12: =IFERROR(__xludf.DUMMYFUNCTION("IFERROR(INDEX(FILTER('製造效能'!O:O, '製造效能'!$A:$A=$C12, '製造效能'!$D:$D=$M12, '製造效能'!$E:$E=""攪料""), 1), INDEX(FILTER('製造效能'!O:O, '製造效能'!$B:$B=$D12, '製造效能'!$D:$D=$M12, '製造效能'!$E:$E=""攪料""), 1))"),"") | AD12: =IFERROR(__xludf.DUMMYFUNCTION("IFERROR(INDEX(FILTER('製造效能'!P:P, '製造效能'!$A:$A=$C12, '製造效能'!$D:$D=$M12, '製造效能'!$E:$E=""攪料""), 1), INDEX(FILTER('製造效能'!P:P, '製造效能'!$B:$B=$D12, '製造效能'!$D:$D=$M12, '製造效能'!$E:$E=""攪料""), 1))"),"") | AE12: =IFERROR(__xludf.DUMMYFUNCTION("IFERROR(INDEX(FILTER('製造效能'!Q:Q, '製造效能'!$A:$A=$C12, '製造效能'!$D:$D=$M12, '製造效能'!$E:$E=""攪料""), 1), INDEX(FILTER('製造效能'!Q:Q, '製造效能'!$B:$B=$D12, '製造效能'!$D:$D=$M12, '製造效能'!$E:$E=""攪料""), 1))"),"") | AF12: =IFERROR(__xludf.DUMMYFUNCTION("IFERROR(INDEX(FILTER('製造效能'!R:R, '製造效能'!$A:$A=$C12, '製造效能'!$D:$D=$M12, '製造效能'!$E:$E=""攪料""), 1), INDEX(FILTER('製造效能'!R:R, '製造效能'!$B:$B=$D12, '製造效能'!$D:$D=$M12, '製造效能'!$E:$E=""攪料""), 1))"),"") | AG12: =IFERROR(__xludf.DUMMYFUNCTION("IFERROR(INDEX(FILTER('製造效能'!S:S, '製造效能'!$A:$A=$C12, '製造效能'!$D:$D=$M12, '製造效能'!$E:$E=""攪料""), 1), INDEX(FILTER('製造效能'!S:S, '製造效能'!$B:$B=$D12, '製造效能'!$D:$D=$M12, '製造效能'!$E:$E=""攪料""), 1))"),1) -> 1 | AH12: =IFERROR(__xludf.DUMMYFUNCTION("IFERROR(INDEX(FILTER('製造效能'!T:T, '製造效能'!$A:$A=$C12, '製造效能'!$D:$D=$M12, '製造效能'!$E:$E=""攪料""), 1), INDEX(FILTER('製造效能'!T:T, '製造效能'!$B:$B=$D12, '製造效能'!$D:$D=$M12, '製造效能'!$E:$E=""攪料""), 1))"),"") | AI12: =IFERROR(__xludf.DUMMYFUNCTION("IFERROR(INDEX(FILTER('製造效能'!U:U, '製造效能'!$A:$A=$C12, '製造效能'!$D:$D=$M12, '製造效能'!$E:$E=""攪料""), 1), INDEX(FILTER('製造效能'!U:U, '製造效能'!$B:$B=$D12, '製造效能'!$D:$D=$M12, '製造效能'!$E:$E=""攪料""), 1))"),"") | AJ12: =IFERROR(__xludf.DUMMYFUNCTION("IFERROR(INDEX(FILTER('製造效能'!V:V, '製造效能'!$A:$A=$C12, '製造效能'!$D:$D=$M12, '製造效能'!$E:$E=""攪料""), 1), INDEX(FILTER('製造效能'!V:V, '製造效能'!$B:$B=$D12, '製造效能'!$D:$D=$M12, '製造效能'!$E:$E=""攪料""), 1))"),"") | AK12: =COUNTIF(充填效能!$A:$A, $C12) -> 2 | AL12: =IFERROR(__xludf.DUMMYFUNCTION("IFERROR(INDEX(FILTER('充填效能'!$Q$2:$Q$1088, '充填效能'!$A$2:$A$1088=$C12, '充填效能'!$D$2:$D$1088=""排瓶""), 1), 0)"),"800") -> 800 | AM12: =IFERROR(__xludf.DUMMYFUNCTION("IFERROR(INDEX(FILTER('充填效能'!$R$2:$R$1088, '充填效能'!$A$2:$A$1088=$C12, '充填效能'!$D$2:$D$1088=""排瓶""), 1), 0)"),1) -> 1 | AN12: =IF(AL12=0, 0, $F12/AL12) -> 2.5 | AO12: =IFERROR(__xludf.DUMMYFUNCTION("IFERROR(INDEX(FILTER('充填效能'!$Q$2:$Q$1088, '充填效能'!$A$2:$A$1088=$C12, '充填效能'!$D$2:$D$1088=""充填""), 1), 0)"),"600") -> 600 | AP12: =IFERROR(__xludf.DUMMYFUNCTION("IFERROR(INDEX(FILTER('充填效能'!$R$2:$R$1088, '充填效能'!$A$2:$A$1088=$C12, '充填效能'!$D$2:$D$1088=""充填""), 1), 0)"),5) -> 5 | AQ12: =IF(AO12=0, 0, $F12/AO12) -> 3.3333333 | AR12: =AP12*AQ12 -> 16.666667
A13: 2201-22060700001-0002 | B13: =DATE(2000 + MID(A13, 6, 2), MID(A13, 8, 2), MID(A13, 10, 2)) -> 44719 | C13: PN1VCD3F1P | D13: =MID(C13, 2, 6) -> N1VCD3 | E13: 極透光亮白淡斑精華30ML | F13: 15000 | G13: 45107 | H13: 45040 | I13: 44973 | J13: 45035 | K13: 30.6(B0AA) 30.8(B0BA) | L13: =IFERROR(__xludf.DUMMYFUNCTION("TEXTJOIN("", "", TRUE, UNIQUE(FILTER('製造效能'!$D$2:$D$1732, '製造效能'!$B$2:$B$1732 = D13)))"),"精") -> 精 | M13: =IFERROR(__xludf.DUMMYFUNCTION("INDEX(UNIQUE(FILTER('製造效能'!$D$2:$D$1732, ('製造效能'!$B$2:$B$1732 = D13) * ('製造效能'!$J$2:$J$1732 = MAXIFS('製造效能'!$J$2:$J$1732, '製造效能'!$B$2:$B$1732, D13)))), 1) "),"精") -> 精 | N13: =IFERROR(__xludf.DUMMYFUNCTION("TEXTJOIN("", "", TRUE, UNIQUE(FILTER('製造效能'!$K$2:$K$1732, '製造效能'!$B$2:$B$1732 = D13)))"),"水項") -> 水項 | O13: 61.4 | P13: =IFERROR(__xludf.DUMMYFUNCTION("IFERROR(INDEX(FILTER('充填效能'!J$2:J$1088, '充填效能'!$A$2:$A$1088=$C13, '充填效能'!$D$2:$D$1088=""充填""), 1), 0)"),"") | Q13: =IFERROR(__xludf.DUMMYFUNCTION("IFERROR(INDEX(FILTER('充填效能'!K$2:K$1088, '充填效能'!$A$2:$A$1088=$C13, '充填效能'!$D$2:$D$1088=""充填""), 1), 0)"),"") | R13: =IFERROR(__xludf.DUMMYFUNCTION("IFERROR(INDEX(FILTER('充填效能'!L$2:L$1088, '充填效能'!$A$2:$A$1088=$C13, '充填效能'!$D$2:$D$1088=""充填""), 1), 0)"),"") | S13: =COUNTIFS(製造效能!B:B, $D13,製造效能!D:D,M13) -> 6 | T13: =IFERROR(__xludf.DUMMYFUNCTION("VALUE(REGEXEXTRACT(TO_TEXT(O13), ""\d*\.?\d+""))"),61.4) -> 61.4 | U13: =F13*T13*1.015 -> 934815 | V13: =IFERROR(__xludf.DUMMYFUNCTION("IFERROR(INDEX(FILTER('製造效能'!J:J, '製造效能'!A:A=$C13, '製造效能'!D:D=M13, '製造效能'!E:E=""攪料""), 1), INDEX(FILTER('製造效能'!J:J, '製造效能'!B:B=$D13, '製造效能'!D:D=M13, '製造效能'!E:E=""攪料""), 1))"),101.7) -> 101.7 | W13: =IFERROR(__xludf.DUMMYFUNCTION("IFERROR(INDEX(FILTER('製造效能'!G:G, '製造效能'!A:A=$C13, '製造效能'!D:D=M13, '製造效能'!E:E=""攪料""), 1), INDEX(FILTER('製造效能'!G:G, '製造效能'!B:B=$D13, '製造效能'!D:D=M13, '製造效能'!E:E=""攪料""), 1))"),115) -> 115 | X13: =ROUNDUP(U13/1000/V13,0) -> 10 | Y13: =W13*X13 -> 1150 | Z13: =IFERROR(__xludf.DUMMYFUNCTION("IFERROR(IFERROR(INDEX(FILTER('製造效能'!G:G, '製造效能'!A:A=$C13, '製造效能'!D:D=M13, '製造效能'!E:E=""預攪""), 1), INDEX(FILTER('製造效能'!G:G, '製造效能'!B:B=$D13, '製造效能'!D:D=M13, '製造效能'!E:E=""預攪""), 1)), 0)"),100) -> 100 | AA13: =IFERROR(__xludf.DUMMYFUNCTION("IFERROR(INDEX(FILTER('製造效能'!G:G, '製造效能'!A:A=$C13, '製造效能'!D:D=M13, '製造效能'!E:E=""清洗""), 1), INDEX(FILTER('製造效能'!G:G, '製造效能'!B:B=$D13, '製造效能'!D:D=M13, '製造效能'!E:E=""清洗""), 1))"),50) -> 50 | AB13: =IFERROR(__xludf.DUMMYFUNCTION("IFERROR(INDEX(FILTER('製造效能'!N:N, '製造效能'!$A:$A=$C13, '製造效能'!$D:$D=$M13, '製造效能'!$E:$E=""攪料""), 1), INDEX(FILTER('製造效能'!N:N, '製造效能'!$B:$B=$D13, '製造效能'!$D:$D=$M13, '製造效能'!$E:$E=""攪料""), 1))"),1) -> 1 | AC13: =IFERROR(__xludf.DUMMYFUNCTION("IFERROR(INDEX(FILTER('製造效能'!O:O, '製造效能'!$A:$A=$C13, '製造效能'!$D:$D=$M13, '製造效能'!$E:$E=""攪料""), 1), INDEX(FILTER('製造效能'!O:O, '製造效能'!$B:$B=$D13, '製造效能'!$D:$D=$M13, '製造效能'!$E:$E=""攪料""), 1))"),2) -> 2 | AD13: =IFERROR(__xludf.DUMMYFUNCTION("IFERROR(INDEX(FILTER('製造效能'!P:P, '製造效能'!$A:$A=$C13, '製造效能'!$D:$D=$M13, '製造效能'!$E:$E=""攪料""), 1), INDEX(FILTER('製造效能'!P:P, '製造效能'!$B:$B=$D13, '製造效能'!$D:$D=$M13, '製造效能'!$E:$E=""攪料""), 1))"),"") | AE13: =IFERROR(__xludf.DUMMYFUNCTION("IFERROR(INDEX(FILTER('製造效能'!Q:Q, '製造效能'!$A:$A=$C13, '製造效能'!$D:$D=$M13, '製造效能'!$E:$E=""攪料""), 1), INDEX(FILTER('製造效能'!Q:Q, '製造效能'!$B:$B=$D13, '製造效能'!$D:$D=$M13, '製造效能'!$E:$E=""攪料""), 1))"),"") | AF13: =IFERROR(__xludf.DUMMYFUNCTION("IFERROR(INDEX(FILTER('製造效能'!R:R, '製造效能'!$A:$A=$C13, '製造效能'!$D:$D=$M13, '製造效能'!$E:$E=""攪料""), 1), INDEX(FILTER('製造效能'!R:R, '製造效能'!$B:$B=$D13, '製造效能'!$D:$D=$M13, '製造效能'!$E:$E=""攪料""), 1))"),"") | AG13: =IFERROR(__xludf.DUMMYFUNCTION("IFERROR(INDEX(FILTER('製造效能'!S:S, '製造效能'!$A:$A=$C13, '製造效能'!$D:$D=$M13, '製造效能'!$E:$E=""攪料""), 1), INDEX(FILTER('製造效能'!S:S, '製造效能'!$B:$B=$D13, '製造效能'!$D:$D=$M13, '製造效能'!$E:$E=""攪料""), 1))"),"") | AH13: =IFERROR(__xludf.DUMMYFUNCTION("IFERROR(INDEX(FILTER('製造效能'!T:T, '製造效能'!$A:$A=$C13, '製造效能'!$D:$D=$M13, '製造效能'!$E:$E=""攪料""), 1), INDEX(FILTER('製造效能'!T:T, '製造效能'!$B:$B=$D13, '製造效能'!$D:$D=$M13, '製造效能'!$E:$E=""攪料""), 1))"),"") | AI13: =IFERROR(__xludf.DUMMYFUNCTION("IFERROR(INDEX(FILTER('製造效能'!U:U, '製造效能'!$A:$A=$C13, '製造效能'!$D:$D=$M13, '製造效能'!$E:$E=""攪料""), 1), INDEX(FILTER('製造效能'!U:U, '製造效能'!$B:$B=$D13, '製造效能'!$D:$D=$M13, '製造效能'!$E:$E=""攪料""), 1))"),"") | AJ13: =IFERROR(__xludf.DUMMYFUNCTION("IFERROR(INDEX(FILTER('製造效能'!V:V, '製造效能'!$A:$A=$C13, '製造效能'!$D:$D=$M13, '製造效能'!$E:$E=""攪料""), 1), INDEX(FILTER('製造效能'!V:V, '製造效能'!$B:$B=$D13, '製造效能'!$D:$D=$M13, '製造效能'!$E:$E=""攪料""), 1))"),"") | AK13: =COUNTIF(充填效能!$A:$A, $C13) -> 3 | AL13: =IFERROR(__xludf.DUMMYFUNCTION("IFERROR(INDEX(FILTER('充填效能'!$Q$2:$Q$1088, '充填效能'!$A$2:$A$1088=$C13, '充填效能'!$D$2:$D$1088=""排瓶""), 1), 0)"),"1235") -> 1235 | AM13: =IFERROR(__xludf.DUMMYFUNCTION("IFERROR(INDEX(FILTER('充填效能'!$R$2:$R$1088, '充填效能'!$A$2:$A$1088=$C13, '充填效能'!$D$2:$D$1088=""排瓶""), 1), 0)"),1) -> 1 | AN13: =IF(AL13=0, 0, $F13/AL13) -> 12.145749 | AO13: =IFERROR(__xludf.DUMMYFUNCTION("IFERROR(INDEX(FILTER('充填效能'!$Q$2:$Q$1088, '充填效能'!$A$2:$A$1088=$C13, '充填效能'!$D$2:$D$1088=""充填""), 1), 0)"),"800") -> 800 | AP13: =IFERROR(__xludf.DUMMYFUNCTION("IFERROR(INDEX(FILTER('充填效能'!$R$2:$R$1088, '充填效能'!$A$2:$A$1088=$C13, '充填效能'!$D$2:$D$1088=""充填""), 1), 0)"),3) -> 3 | AQ13: =IF(AO13=0, 0, $F13/AO13) -> 18.75 | AR13: =AP13*AQ13 -> 56.25
A14: 2201-23031700003-0001 | B14: =DATE(2000 + MID(A14, 6, 2), MID(A14, 8, 2), MID(A14, 10, 2)) -> 45002 | C14: MAA17Z1K2P | D14: =MID(C14, 2, 6) -> AA17Z1 | E14: ​天然草本精油驅蚊噴液90ML | F14: 2544 | G14: 45063 | H14: 45040 | I14: 45022 | J14: 44979 | L14: =IFERROR(__xludf.DUMMYFUNCTION("TEXTJOIN("", "", TRUE, UNIQUE(FILTER('製造效能'!$D$2:$D$1732, '製造效能'!$B$2:$B$1732 = D14)))"),"大, 精") -> 大, 精 | M14: =IFERROR(__xludf.DUMMYFUNCTION("INDEX(UNIQUE(FILTER('製造效能'!$D$2:$D$1732, ('製造效能'!$B$2:$B$1732 = D14) * ('製造效能'!$J$2:$J$1732 = MAXIFS('製造效能'!$J$2:$J$1732, '製造效能'!$B$2:$B$1732, D14)))), 1) "),"大") -> 大 | N14: =IFERROR(__xludf.DUMMYFUNCTION("TEXTJOIN("", "", TRUE, UNIQUE(FILTER('製造效能'!$K$2:$K$1732, '製造效能'!$B$2:$B$1732 = D14)))"),"水項") -> 水項 | O14: =IFERROR(__xludf.DUMMYFUNCTION("IFERROR(INDEX(FILTER('充填效能'!I$2:I$1088, '充填效能'!$A$2:$A$1088=$C14, '充填效能'!$D$2:$D$1088=""充填""), 1), 0)"),90) -> 90 | P14: =IFERROR(__xludf.DUMMYFUNCTION("IFERROR(INDEX(FILTER('充填效能'!J$2:J$1088, '充填效能'!$A$2:$A$1088=$C14, '充填效能'!$D$2:$D$1088=""充填""), 1), 0)"),"") | Q14: =IFERROR(__xludf.DUMMYFUNCTION("IFERROR(INDEX(FILTER('充填效能'!K$2:K$1088, '充填效能'!$A$2:$A$1088=$C14, '充填效能'!$D$2:$D$1088=""充填""), 1), 0)"),"") | R14: =IFERROR(__xludf.DUMMYFUNCTION("IFERROR(INDEX(FILTER('充填效能'!L$2:L$1088, '充填效能'!$A$2:$A$1088=$C14, '充填效能'!$D$2:$D$1088=""充填""), 1), 0)"),"") | S14: =COUNTIFS(製造效能!B:B, $D14,製造效能!D:D,M14) -> 3 | T14: =IFERROR(__xludf.DUMMYFUNCTION("VALUE(REGEXEXTRACT(TO_TEXT(O14), ""\d*\.?\d+""))"),90) -> 90 | U14: =F14*T14*1.015 -> 232394.4 | V14: =IFERROR(__xludf.DUMMYFUNCTION("IFERROR(INDEX(FILTER('製造效能'!J:J, '製造效能'!A:A=$C14, '製造效能'!D:D=M14, '製造效能'!E:E=""攪料""), 1), INDEX(FILTER('製造效能'!J:J, '製造效能'!B:B=$D14, '製造效能'!D:D=M14, '製造效能'!E:E=""攪料""), 1))"),367) -> 367 | W14: =IFERROR(__xludf.DUMMYFUNCTION("IFERROR(INDEX(FILTER('製造效能'!G:G, '製造效能'!A:A=$C14, '製造效能'!D:D=M14, '製造效能'!E:E=""攪料""), 1), INDEX(FILTER('製造效能'!G:G, '製造效能'!B:B=$D14, '製造效能'!D:D=M14, '製造效能'!E:E=""攪料""), 1))"),90) -> 90 | X14: =ROUNDUP(U14/1000/V14,0) -> 1 | Y14: =W14*X14 -> 90 | Z14: =IFERROR(__xludf.DUMMYFUNCTION("IFERROR(IFERROR(INDEX(FILTER('製造效能'!G:G, '製造效能'!A:A=$C14, '製造效能'!D:D=M14, '製造效能'!E:E=""預攪""), 1), INDEX(FILTER('製造效能'!G:G, '製造效能'!B:B=$D14, '製造效能'!D:D=M14, '製造效能'!E:E=""預攪""), 1)), 0)"),50) -> 50 | AA14: =IFERROR(__xludf.DUMMYFUNCTION("IFERROR(INDEX(FILTER('製造效能'!G:G, '製造效能'!A:A=$C14, '製造效能'!D:D=M14, '製造效能'!E:E=""清洗""), 1), INDEX(FILTER('製造效能'!G:G, '製造效能'!B:B=$D14, '製造效能'!D:D=M14, '製造效能'!E:E=""清洗""), 1))"),30) -> 30 | AB14: =IFERROR(__xludf.DUMMYFUNCTION("IFERROR(INDEX(FILTER('製造效能'!N:N, '製造效能'!$A:$A=$C14, '製造效能'!$D:$D=$M14, '製造效能'!$E:$E=""攪料""), 1), INDEX(FILTER('製造效能'!N:N, '製造效能'!$B:$B=$D14, '製造效能'!$D:$D=$M14, '製造效能'!$E:$E=""攪料""), 1))"),"") | AC14: =IFERROR(__xludf.DUMMYFUNCTION("IFERROR(INDEX(FILTER('製造效能'!O:O, '製造效能'!$A:$A=$C14, '製造效能'!$D:$D=$M14, '製造效能'!$E:$E=""攪料""), 1), INDEX(FILTER('製造效能'!O:O, '製造效能'!$B:$B=$D14, '製造效能'!$D:$D=$M14, '製造效能'!$E:$E=""攪料""), 1))"),"") | AD14: =IFERROR(__xludf.DUMMYFUNCTION("IFERROR(INDEX(FILTER('製造效能'!P:P, '製造效能'!$A:$A=$C14, '製造效能'!$D:$D=$M14, '製造效能'!$E:$E=""攪料""), 1), INDEX(FILTER('製造效能'!P:P, '製造效能'!$B:$B=$D14, '製造效能'!$D:$D=$M14, '製造效能'!$E:$E=""攪料""), 1))"),"") | AE14: =IFERROR(__xludf.DUMMYFUNCTION("IFERROR(INDEX(FILTER('製造效能'!Q:Q, '製造效能'!$A:$A=$C14, '製造效能'!$D:$D=$M14, '製造效能'!$E:$E=""攪料""), 1), INDEX(FILTER('製造效能'!Q:Q, '製造效能'!$B:$B=$D14, '製造效能'!$D:$D=$M14, '製造效能'!$E:$E=""攪料""), 1))"),"") | AF14: =IFERROR(__xludf.DUMMYFUNCTION("IFERROR(INDEX(FILTER('製造效能'!R:R, '製造效能'!$A:$A=$C14, '製造效能'!$D:$D=$M14, '製造效能'!$E:$E=""攪料""), 1), INDEX(FILTER('製造效能'!R:R, '製造效能'!$B:$B=$D14, '製造效能'!$D:$D=$M14, '製造效能'!$E:$E=""攪料""), 1))"),"") | AG14: =IFERROR(__xludf.DUMMYFUNCTION("IFERROR(INDEX(FILTER('製造效能'!S:S, '製造效能'!$A:$A=$C14, '製造效能'!$D:$D=$M14, '製造效能'!$E:$E=""攪料""), 1), INDEX(FILTER('製造效能'!S:S, '製造效能'!$B:$B=$D14, '製造效能'!$D:$D=$M14, '製造效能'!$E:$E=""攪料""), 1))"),1) -> 1 | AH14: =IFERROR(__xludf.DUMMYFUNCTION("IFERROR(INDEX(FILTER('製造效能'!T:T, '製造效能'!$A:$A=$C14, '製造效能'!$D:$D=$M14, '製造效能'!$E:$E=""攪料""), 1), INDEX(FILTER('製造效能'!T:T, '製造效能'!$B:$B=$D14, '製造效能'!$D:$D=$M14, '製造效能'!$E:$E=""攪料""), 1))"),"") | AI14: =IFERROR(__xludf.DUMMYFUNCTION("IFERROR(INDEX(FILTER('製造效能'!U:U, '製造效能'!$A:$A=$C14, '製造效能'!$D:$D=$M14, '製造效能'!$E:$E=""攪料""), 1), INDEX(FILTER('製造效能'!U:U, '製造效能'!$B:$B=$D14, '製造效能'!$D:$D=$M14, '製造效能'!$E:$E=""攪料""), 1))"),"") | AJ14: =IFERROR(__xludf.DUMMYFUNCTION("IFERROR(INDEX(FILTER('製造效能'!V:V, '製造效能'!$A:$A=$C14, '製造效能'!$D:$D=$M14, '製造效能'!$E:$E=""攪料""), 1), INDEX(FILTER('製造效能'!V:V, '製造效能'!$B:$B=$D14, '製造效能'!$D:$D=$M14, '製造效能'!$E:$E=""攪料""), 1))"),"") | AK14: =COUNTIF(充填效能!$A:$A, $C14) -> 2 | AL14: =IFERROR(__xludf.DUMMYFUNCTION("IFERROR(INDEX(FILTER('充填效能'!$Q$2:$Q$1088, '充填效能'!$A$2:$A$1088=$C14, '充填效能'!$D$2:$D$1088=""排瓶""), 1), 0)"),"1300") -> 1300 | AM14: =IFERROR(__xludf.DUMMYFUNCTION("IFERROR(INDEX(FILTER('充填效能'!$R$2:$R$1088, '充填效能'!$A$2:$A$1088=$C14, '充填效能'!$D$2:$D$1088=""排瓶""), 1), 0)"),1) -> 1 | AN14: =IF(AL14=0, 0, $F14/AL14) -> 1.9569231 | AO14: =IFERROR(__xludf.DUMMYFUNCTION("IFERROR(INDEX(FILTER('充填效能'!$Q$2:$Q$1088, '充填效能'!$A$2:$A$1088=$C14, '充填效能'!$D$2:$D$1088=""充填""), 1), 0)"),"900") -> 900 | AP14: =IFERROR(__xludf.DUMMYFUNCTION("IFERROR(INDEX(FILTER('充填效能'!$R$2:$R$1088, '充填效能'!$A$2:$A$1088=$C14, '充填效能'!$D$2:$D$1088=""充填""), 1), 0)"),4) -> 4 | AQ14: =IF(AO14=0, 0, $F14/AO14) -> 2.8266667 | AR14: =AP14*AQ14 -> 11.306667
A15: 2201-23030800002-0002 | B15: =DATE(2000 + MID(A15, 6, 2), MID(A15, 8, 2), MID(A15, 10, 2)) -> 44993 | C15: MEU22D2F1P | D15: =MID(C15, 2, 6) -> EU22D2 | E15: 8%杏仁酸淨痘精華30ML | F15: 10000 | G15: 45055 | H15: 45041 | I15: 45028 | J15: 44729 | L15: =IFERROR(__xludf.DUMMYFUNCTION("TEXTJOIN("", "", TRUE, UNIQUE(FILTER('製造效能'!$D$2:$D$1732, '製造效能'!$B$2:$B$1732 = D15)))"),"大, 精") -> 大, 精 | M15: =IFERROR(__xludf.DUMMYFUNCTION("INDEX(UNIQUE(FILTER('製造效能'!$D$2:$D$1732, ('製造效能'!$B$2:$B$1732 = D15) * ('製造效能'!$J$2:$J$1732 = MAXIFS('製造效能'!$J$2:$J$1732, '製造效能'!$B$2:$B$1732, D15)))), 1) "),"大") -> 大 | N15: =IFERROR(__xludf.DUMMYFUNCTION("TEXTJOIN("", "", TRUE, UNIQUE(FILTER('製造效能'!$K$2:$K$1732, '製造效能'!$B$2:$B$1732 = D15)))"),"水項") -> 水項 | O15: =IFERROR(__xludf.DUMMYFUNCTION("IFERROR(INDEX(FILTER('充填效能'!I$2:I$1088, '充填效能'!$A$2:$A$1088=$C15, '充填效能'!$D$2:$D$1088=""充填""), 1), 0)"),31.4) -> 31.4 | P15: =IFERROR(__xludf.DUMMYFUNCTION("IFERROR(INDEX(FILTER('充填效能'!J$2:J$1088, '充填效能'!$A$2:$A$1088=$C15, '充填效能'!$D$2:$D$1088=""充填""), 1), 0)"),"") | Q15: =IFERROR(__xludf.DUMMYFUNCTION("IFERROR(INDEX(FILTER('充填效能'!K$2:K$1088, '充填效能'!$A$2:$A$1088=$C15, '充填效能'!$D$2:$D$1088=""充填""), 1), 0)"),"") | R15: =IFERROR(__xludf.DUMMYFUNCTION("IFERROR(INDEX(FILTER('充填效能'!L$2:L$1088, '充填效能'!$A$2:$A$1088=$C15, '充填效能'!$D$2:$D$1088=""充填""), 1), 0)"),"") | S15: =COUNTIFS(製造效能!B:B, $D15,製造效能!D:D,M15) -> 3 | T15: =IFERROR(__xludf.DUMMYFUNCTION("VALUE(REGEXEXTRACT(TO_TEXT(O15), ""\d*\.?\d+""))"),31.4) -> 31.4 | U15: =F15*T15*1.015 -> 318710 | V15: =IFERROR(__xludf.DUMMYFUNCTION("IFERROR(INDEX(FILTER('製造效能'!J:J, '製造效能'!A:A=$C15, '製造效能'!D:D=M15, '製造效能'!E:E=""攪料""), 1), INDEX(FILTER('製造效能'!J:J, '製造效能'!B:B=$D15, '製造效能'!D:D=M15, '製造效能'!E:E=""攪料""), 1))"),412) -> 412 | W15: =IFERROR(__xludf.DUMMYFUNCTION("IFERROR(INDEX(FILTER('製造效能'!G:G, '製造效能'!A:A=$C15, '製造效能'!D:D=M15, '製造效能'!E:E=""攪料""), 1), INDEX(FILTER('製造效能'!G:G, '製造效能'!B:B=$D15, '製造效能'!D:D=M15, '製造效能'!E:E=""攪料""), 1))"),110) -> 110 | X15: =ROUNDUP(U15/1000/V15,0) -> 1 | Y15: =W15*X15 -> 110 | Z15: =IFERROR(__xludf.DUMMYFUNCTION("IFERROR(IFERROR(INDEX(FILTER('製造效能'!G:G, '製造效能'!A:A=$C15, '製造效能'!D:D=M15, '製造效能'!E:E=""預攪""), 1), INDEX(FILTER('製造效能'!G:G, '製造效能'!B:B=$D15, '製造效能'!D:D=M15, '製造效能'!E:E=""預攪""), 1)), 0)"),60) -> 60 | AA15: =IFERROR(__xludf.DUMMYFUNCTION("IFERROR(INDEX(FILTER('製造效能'!G:G, '製造效能'!A:A=$C15, '製造效能'!D:D=M15, '製造效能'!E:E=""清洗""), 1), INDEX(FILTER('製造效能'!G:G, '製造效能'!B:B=$D15, '製造效能'!D:D=M15, '製造效能'!E:E=""清洗""), 1))"),30) -> 30 | AB15: =IFERROR(__xludf.DUMMYFUNCTION("IFERROR(INDEX(FILTER('製造效能'!N:N, '製造效能'!$A:$A=$C15, '製造效能'!$D:$D=$M15, '製造效能'!$E:$E=""攪料""), 1), INDEX(FILTER('製造效能'!N:N, '製造效能'!$B:$B=$D15, '製造效能'!$D:$D=$M15, '製造效能'!$E:$E=""攪料""), 1))"),"") | AC15: =IFERROR(__xludf.DUMMYFUNCTION("IFERROR(INDEX(FILTER('製造效能'!O:O, '製造效能'!$A:$A=$C15, '製造效能'!$D:$D=$M15, '製造效能'!$E:$E=""攪料""), 1), INDEX(FILTER('製造效能'!O:O, '製造效能'!$B:$B=$D15, '製造效能'!$D:$D=$M15, '製造效能'!$E:$E=""攪料""), 1))"),"") | AD15: =IFERROR(__xludf.DUMMYFUNCTION("IFERROR(INDEX(FILTER('製造效能'!P:P, '製造效能'!$A:$A=$C15, '製造效能'!$D:$D=$M15, '製造效能'!$E:$E=""攪料""), 1), INDEX(FILTER('製造效能'!P:P, '製造效能'!$B:$B=$D15, '製造效能'!$D:$D=$M15, '製造效能'!$E:$E=""攪料""), 1))"),"") | AE15: =IFERROR(__xludf.DUMMYFUNCTION("IFERROR(INDEX(FILTER('製造效能'!Q:Q, '製造效能'!$A:$A=$C15, '製造效能'!$D:$D=$M15, '製造效能'!$E:$E=""攪料""), 1), INDEX(FILTER('製造效能'!Q:Q, '製造效能'!$B:$B=$D15, '製造效能'!$D:$D=$M15, '製造效能'!$E:$E=""攪料""), 1))"),"") | AF15: =IFERROR(__xludf.DUMMYFUNCTION("IFERROR(INDEX(FILTER('製造效能'!R:R, '製造效能'!$A:$A=$C15, '製造效能'!$D:$D=$M15, '製造效能'!$E:$E=""攪料""), 1), INDEX(FILTER('製造效能'!R:R, '製造效能'!$B:$B=$D15, '製造效能'!$D:$D=$M15, '製造效能'!$E:$E=""攪料""), 1))"),"") | AG15: =IFERROR(__xludf.DUMMYFUNCTION("IFERROR(INDEX(FILTER('製造效能'!S:S, '製造效能'!$A:$A=$C15, '製造效能'!$D:$D=$M15, '製造效能'!$E:$E=""攪料""), 1), INDEX(FILTER('製造效能'!S:S, '製造效能'!$B:$B=$D15, '製造效能'!$D:$D=$M15, '製造效能'!$E:$E=""攪料""), 1))"),1) -> 1 | AH15: =IFERROR(__xludf.DUMMYFUNCTION("IFERROR(INDEX(FILTER('製造效能'!T:T, '製造效能'!$A:$A=$C15, '製造效能'!$D:$D=$M15, '製造效能'!$E:$E=""攪料""), 1), INDEX(FILTER('製造效能'!T:T, '製造效能'!$B:$B=$D15, '製造效能'!$D:$D=$M15, '製造效能'!$E:$E=""攪料""), 1))"),"") | AI15: =IFERROR(__xludf.DUMMYFUNCTION("IFERROR(INDEX(FILTER('製造效能'!U:U, '製造效能'!$A:$A=$C15, '製造效能'!$D:$D=$M15, '製造效能'!$E:$E=""攪料""), 1), INDEX(FILTER('製造效能'!U:U, '製造效能'!$B:$B=$D15, '製造效能'!$D:$D=$M15, '製造效能'!$E:$E=""攪料""), 1))"),"") | AJ15: =IFERROR(__xludf.DUMMYFUNCTION("IFERROR(INDEX(FILTER('製造效能'!V:V, '製造效能'!$A:$A=$C15, '製造效能'!$D:$D=$M15, '製造效能'!$E:$E=""攪料""), 1), INDEX(FILTER('製造效能'!V:V, '製造效能'!$B:$B=$D15, '製造效能'!$D:$D=$M15, '製造效能'!$E:$E=""攪料""), 1))"),"") | AK15: =COUNTIF(充填效能!$A:$A, $C15) -> 2 | AL15: =IFERROR(__xludf.DUMMYFUNCTION("IFERROR(INDEX(FILTER('充填效能'!$Q$2:$Q$1088, '充填效能'!$A$2:$A$1088=$C15, '充填效能'!$D$2:$D$1088=""排瓶""), 1), 0)"),"1300") -> 1300 | AM15: =IFERROR(__xludf.DUMMYFUNCTION("IFERROR(INDEX(FILTER('充填效能'!$R$2:$R$1088, '充填效能'!$A$2:$A$1088=$C15, '充填效能'!$D$2:$D$1088=""排瓶""), 1), 0)"),1) -> 1 | AN15: =IF(AL15=0, 0, $F15/AL15) -> 7.6923077 | AO15: =IFERROR(__xludf.DUMMYFUNCTION("IFERROR(INDEX(FILTER('充填效能'!$Q$2:$Q$1088, '充填效能'!$A$2:$A$1088=$C15, '充填效能'!$D$2:$D$1088=""充填""), 1), 0)"),"1200") -> 1200 | AP15: =IFERROR(__xludf.DUMMYFUNCTION("IFERROR(INDEX(FILTER('充填效能'!$R$2:$R$1088, '充填效能'!$A$2:$A$1088=$C15, '充填效能'!$D$2:$D$1088=""充填""), 1), 0)"),4) -> 4 | AQ15: =IF(AO15=0, 0, $F15/AO15) -> 8.3333333 | AR15: =AP15*AQ15 -> 33.333333
A16: 2201-22120900002-0012 | B16: =DATE(2000 + MID(A16, 6, 2), MID(A16, 8, 2), MID(A16, 10, 2)) -> 44904 | C16: MAW21E1F1P | D16: =MID(C16, 2, 6) -> AW21E1 | E16: 極致水潤光保濕乳霜30ml | F16: 3000 | G16: 45051 | H16: 45042 | I16: 45008 | J16: 45030 | L16: =IFERROR(__xludf.DUMMYFUNCTION("TEXTJOIN("", "", TRUE, UNIQUE(FILTER('製造效能'!$D$2:$D$1732, '製造效能'!$B$2:$B$1732 = D16)))"),"小乳, 大乳") -> 小乳, 大乳 | M16: =IFERROR(__xludf.DUMMYFUNCTION("INDEX(UNIQUE(FILTER('製造效能'!$D$2:$D$1732, ('製造效能'!$B$2:$B$1732 = D16) * ('製造效能'!$J$2:$J$1732 = MAXIFS('製造效能'!$J$2:$J$1732, '製造效能'!$B$2:$B$1732, D16)))), 1) "),"大乳") -> 大乳 | N16: =IFERROR(__xludf.DUMMYFUNCTION("TEXTJOIN("", "", TRUE, UNIQUE(FILTER('製造效能'!$K$2:$K$1732, '製造效能'!$B$2:$B$1732 = D16)))"),"乳項") -> 乳項 | P16: =IFERROR(__xludf.DUMMYFUNCTION("IFERROR(INDEX(FILTER('充填效能'!J$2:J$1088, '充填效能'!$A$2:$A$1088=$C16, '充填效能'!$D$2:$D$1088=""充填""), 1), 0)"),"") | Q16: =IFERROR(__xludf.DUMMYFUNCTION("IFERROR(INDEX(FILTER('充填效能'!K$2:K$1088, '充填效能'!$A$2:$A$1088=$C16, '充填效能'!$D$2:$D$1088=""充填""), 1), 0)"),"") | R16: =IFERROR(__xludf.DUMMYFUNCTION("IFERROR(INDEX(FILTER('充填效能'!I$2:I$1088, '充填效能'!$A$2:$A$1088=$C16, '充填效能'!$D$2:$D$1088=""充填""), 1), 0)"),30) -> 30 | S16: =COUNTIFS(製造效能!B:B, $D16,製造效能!D:D,M16) -> 3 | T16: =IFERROR(__xludf.DUMMYFUNCTION("VALUE(REGEXEXTRACT(TO_TEXT(R16), ""\d*\.?\d+""))"),30) -> 30 | U16: =F16*T16*1.015 -> 91350 | V16: =IFERROR(__xludf.DUMMYFUNCTION("IFERROR(INDEX(FILTER('製造效能'!J:J, '製造效能'!A:A=$C16, '製造效能'!D:D=M16, '製造效能'!E:E=""攪料""), 1), INDEX(FILTER('製造效能'!J:J, '製造效能'!B:B=$D16, '製造效能'!D:D=M16, '製造效能'!E:E=""攪料""), 1))"),103) -> 103 | W16: =IFERROR(__xludf.DUMMYFUNCTION("IFERROR(INDEX(FILTER('製造效能'!G:G, '製造效能'!A:A=$C16, '製造效能'!D:D=M16, '製造效能'!E:E=""攪料""), 1), INDEX(FILTER('製造效能'!G:G, '製造效能'!B:B=$D16, '製造效能'!D:D=M16, '製造效能'!E:E=""攪料""), 1))"),180) -> 180 | X16: =ROUNDUP(U16/1000/V16,0) -> 1 | Y16: =W16*X16 -> 180 | Z16: =IFERROR(__xludf.DUMMYFUNCTION("IFERROR(IFERROR(INDEX(FILTER('製造效能'!G:G, '製造效能'!A:A=$C16, '製造效能'!D:D=M16, '製造效能'!E:E=""預攪""), 1), INDEX(FILTER('製造效能'!G:G, '製造效能'!B:B=$D16, '製造效能'!D:D=M16, '製造效能'!E:E=""預攪""), 1)), 0)"),45) -> 45 | AA16: =IFERROR(__xludf.DUMMYFUNCTION("IFERROR(INDEX(FILTER('製造效能'!G:G, '製造效能'!A:A=$C16, '製造效能'!D:D=M16, '製造效能'!E:E=""清洗""), 1), INDEX(FILTER('製造效能'!G:G, '製造效能'!B:B=$D16, '製造效能'!D:D=M16, '製造效能'!E:E=""清洗""), 1))"),40) -> 40 | AB16: =IFERROR(__xludf.DUMMYFUNCTION("IFERROR(INDEX(FILTER('製造效能'!N:N, '製造效能'!$A:$A=$C16, '製造效能'!$D:$D=$M16, '製造效能'!$E:$E=""攪料""), 1), INDEX(FILTER('製造效能'!N:N, '製造效能'!$B:$B=$D16, '製造效能'!$D:$D=$M16, '製造效能'!$E:$E=""攪料""), 1))"),"") | AC16: =IFERROR(__xludf.DUMMYFUNCTION("IFERROR(INDEX(FILTER('製造效能'!O:O, '製造效能'!$A:$A=$C16, '製造效能'!$D:$D=$M16, '製造效能'!$E:$E=""攪料""), 1), INDEX(FILTER('製造效能'!O:O, '製造效能'!$B:$B=$D16, '製造效能'!$D:$D=$M16, '製造效能'!$E:$E=""攪料""), 1))"),"") | AD16: =IFERROR(__xludf.DUMMYFUNCTION("IFERROR(INDEX(FILTER('製造效能'!P:P, '製造效能'!$A:$A=$C16, '製造效能'!$D:$D=$M16, '製造效能'!$E:$E=""攪料""), 1), INDEX(FILTER('製造效能'!P:P, '製造效能'!$B:$B=$D16, '製造效能'!$D:$D=$M16, '製造效能'!$E:$E=""攪料""), 1))"),"") | AE16: =IFERROR(__xludf.DUMMYFUNCTION("IFERROR(INDEX(FILTER('製造效能'!Q:Q, '製造效能'!$A:$A=$C16, '製造效能'!$D:$D=$M16, '製造效能'!$E:$E=""攪料""), 1), INDEX(FILTER('製造效能'!Q:Q, '製造效能'!$B:$B=$D16, '製造效能'!$D:$D=$M16, '製造效能'!$E:$E=""攪料""), 1))"),1) -> 1 | AF16: =IFERROR(__xludf.DUMMYFUNCTION("IFERROR(INDEX(FILTER('製造效能'!R:R, '製造效能'!$A:$A=$C16, '製造效能'!$D:$D=$M16, '製造效能'!$E:$E=""攪料""), 1), INDEX(FILTER('製造效能'!R:R, '製造效能'!$B:$B=$D16, '製造效能'!$D:$D=$M16, '製造效能'!$E:$E=""攪料""), 1))"),"") | AG16: =IFERROR(__xludf.DUMMYFUNCTION("IFERROR(INDEX(FILTER('製造效能'!S:S, '製造效能'!$A:$A=$C16, '製造效能'!$D:$D=$M16, '製造效能'!$E:$E=""攪料""), 1), INDEX(FILTER('製造效能'!S:S, '製造效能'!$B:$B=$D16, '製造效能'!$D:$D=$M16, '製造效能'!$E:$E=""攪料""), 1))"),"") | AH16: =IFERROR(__xludf.DUMMYFUNCTION("IFERROR(INDEX(FILTER('製造效能'!T:T, '製造效能'!$A:$A=$C16, '製造效能'!$D:$D=$M16, '製造效能'!$E:$E=""攪料""), 1), INDEX(FILTER('製造效能'!T:T, '製造效能'!$B:$B=$D16, '製造效能'!$D:$D=$M16, '製造效能'!$E:$E=""攪料""), 1))"),"") | AI16: =IFERROR(__xludf.DUMMYFUNCTION("IFERROR(INDEX(FILTER('製造效能'!U:U, '製造效能'!$A:$A=$C16, '製造效能'!$D:$D=$M16, '製造效能'!$E:$E=""攪料""), 1), INDEX(FILTER('製造效能'!U:U, '製造效能'!$B:$B=$D16, '製造效能'!$D:$D=$M16, '製造效能'!$E:$E=""攪料""), 1))"),"") | AJ16: =IFERROR(__xludf.DUMMYFUNCTION("IFERROR(INDEX(FILTER('製造效能'!V:V, '製造效能'!$A:$A=$C16, '製造效能'!$D:$D=$M16, '製造效能'!$E:$E=""攪料""), 1), INDEX(FILTER('製造效能'!V:V, '製造效能'!$B:$B=$D16, '製造效能'!$D:$D=$M16, '製造效能'!$E:$E=""攪料""), 1))"),"") | AK16: =COUNTIF(充填效能!$A:$A, $C16) -> 2 | AL16: =IFERROR(__xludf.DUMMYFUNCTION("IFERROR(INDEX(FILTER('充填效能'!$Q$2:$Q$1088, '充填效能'!$A$2:$A$1088=$C16, '充填效能'!$D$2:$D$1088=""排瓶""), 1), 0)"),"750") -> 750 | AM16: =IFERROR(__xludf.DUMMYFUNCTION("IFERROR(INDEX(FILTER('充填效能'!$R$2:$R$1088, '充填效能'!$A$2:$A$1088=$C16, '充填效能'!$D$2:$D$1088=""排瓶""), 1), 0)"),1) -> 1 | AN16: =IF(AL16=0, 0, $F16/AL16) -> 4 | AO16: =IFERROR(__xludf.DUMMYFUNCTION("IFERROR(INDEX(FILTER('充填效能'!$Q$2:$Q$1088, '充填效能'!$A$2:$A$1088=$C16, '充填效能'!$D$2:$D$1088=""充填""), 1), 0)"),"770") -> 770 | AP16: =IFERROR(__xludf.DUMMYFUNCTION("IFERROR(INDEX(FILTER('充填效能'!$R$2:$R$1088, '充填效能'!$A$2:$A$1088=$C16, '充填效能'!$D$2:$D$1088=""充填""), 1), 0)"),4) -> 4 | AQ16: =IF(AO16=0, 0, $F16/AO16) -> 3.8961039 | AR16: =AP16*AQ16 -> 15.584416
A17: 2201-23021700002-0001 | B17: =DATE(2000 + MID(A17, 6, 2), MID(A17, 8, 2), MID(A17, 10, 2)) -> 44974 | C17: PN1UVH7F2P | D17: =MID(C17, 2, 6) -> N1UVH7 | E17: 水感全效防曬乳 SPF50+/★★★★ | F17: 6000 | G17: 45058 | H17: 45043 | I17: 45027 | J17: 45002 | L17: =IFERROR(__xludf.DUMMYFUNCTION("TEXTJOIN("", "", TRUE, UNIQUE(FILTER('製造效能'!$D$2:$D$1732, '製造效能'!$B$2:$B$1732 = D17)))"),"精") -> 精 | M17: =IFERROR(__xludf.DUMMYFUNCTION("INDEX(UNIQUE(FILTER('製造效能'!$D$2:$D$1732, ('製造效能'!$B$2:$B$1732 = D17) * ('製造效能'!$J$2:$J$1732 = MAXIFS('製造效能'!$J$2:$J$1732, '製造效能'!$B$2:$B$1732, D17)))), 1) "),"精") -> 精 | N17: =IFERROR(__xludf.DUMMYFUNCTION("TEXTJOIN("", "", TRUE, UNIQUE(FILTER('製造效能'!$K$2:$K$1732, '製造效能'!$B$2:$B$1732 = D17)))"),"乳項") -> 乳項 | P17: =IFERROR(__xludf.DUMMYFUNCTION("IFERROR(INDEX(FILTER('充填效能'!J$2:J$1088, '充填效能'!$A$2:$A$1088=$C17, '充填效能'!$D$2:$D$1088=""充填""), 1), 0)"),"") | Q17: =IFERROR(__xludf.DUMMYFUNCTION("IFERROR(INDEX(FILTER('充填效能'!K$2:K$1088, '充填效能'!$A$2:$A$1088=$C17, '充填效能'!$D$2:$D$1088=""充填""), 1), 0)"),"") | R17: =IFERROR(__xludf.DUMMYFUNCTION("IFERROR(INDEX(FILTER('充填效能'!I$2:I$1088, '充填效能'!$A$2:$A$1088=$C17, '充填效能'!$D$2:$D$1088=""充填""), 1), 0)"),30) -> 30 | S17: =COUNTIFS(製造效能!B:B, $D17,製造效能!D:D,M17) -> 3 | T17: =IFERROR(__xludf.DUMMYFUNCTION("VALUE(REGEXEXTRACT(TO_TEXT(R17), ""\d*\.?\d+""))"),30) -> 30 | U17: =F17*T17*1.015 -> 182700 | V17: =IFERROR(__xludf.DUMMYFUNCTION("IFERROR(INDEX(FILTER('製造效能'!J:J, '製造效能'!A:A=$C17, '製造效能'!D:D=M17, '製造效能'!E:E=""攪料""), 1), INDEX(FILTER('製造效能'!J:J, '製造效能'!B:B=$D17, '製造效能'!D:D=M17, '製造效能'!E:E=""攪料""), 1))"),70) -> 70 | W17: =IFERROR(__xludf.DUMMYFUNCTION("IFERROR(INDEX(FILTER('製造效能'!G:G, '製造效能'!A:A=$C17, '製造效能'!D:D=M17, '製造效能'!E:E=""攪料""), 1), INDEX(FILTER('製造效能'!G:G, '製造效能'!B:B=$D17, '製造效能'!D:D=M17, '製造效能'!E:E=""攪料""), 1))"),125) -> 125 | X17: =ROUNDUP(U17/1000/V17,0) -> 3 | Y17: =W17*X17 -> 375 | Z17: =IFERROR(__xludf.DUMMYFUNCTION("IFERROR(IFERROR(INDEX(FILTER('製造效能'!G:G, '製造效能'!A:A=$C17, '製造效能'!D:D=M17, '製造效能'!E:E=""預攪""), 1), INDEX(FILTER('製造效能'!G:G, '製造效能'!B:B=$D17, '製造效能'!D:D=M17, '製造效能'!E:E=""預攪""), 1)), 0)"),35) -> 35 | AA17: =IFERROR(__xludf.DUMMYFUNCTION("IFERROR(INDEX(FILTER('製造效能'!G:G, '製造效能'!A:A=$C17, '製造效能'!D:D=M17, '製造效能'!E:E=""清洗""), 1), INDEX(FILTER('製造效能'!G:G, '製造效能'!B:B=$D17, '製造效能'!D:D=M17, '製造效能'!E:E=""清洗""), 1))"),15) -> 15 | AB17: =IFERROR(__xludf.DUMMYFUNCTION("IFERROR(INDEX(FILTER('製造效能'!N:N, '製造效能'!$A:$A=$C17, '製造效能'!$D:$D=$M17, '製造效能'!$E:$E=""攪料""), 1), INDEX(FILTER('製造效能'!N:N, '製造效能'!$B:$B=$D17, '製造效能'!$D:$D=$M17, '製造效能'!$E:$E=""攪料""), 1))"),"") | AC17: =IFERROR(__xludf.DUMMYFUNCTION("IFERROR(INDEX(FILTER('製造效能'!O:O, '製造效能'!$A:$A=$C17, '製造效能'!$D:$D=$M17, '製造效能'!$E:$E=""攪料""), 1), INDEX(FILTER('製造效能'!O:O, '製造效能'!$B:$B=$D17, '製造效能'!$D:$D=$M17, '製造效能'!$E:$E=""攪料""), 1))"),1) -> 1 | AD17: =IFERROR(__xludf.DUMMYFUNCTION("IFERROR(INDEX(FILTER('製造效能'!P:P, '製造效能'!$A:$A=$C17, '製造效能'!$D:$D=$M17, '製造效能'!$E:$E=""攪料""), 1), INDEX(FILTER('製造效能'!P:P, '製造效能'!$B:$B=$D17, '製造效能'!$D:$D=$M17, '製造效能'!$E:$E=""攪料""), 1))"),"") | AE17: =IFERROR(__xludf.DUMMYFUNCTION("IFERROR(INDEX(FILTER('製造效能'!Q:Q, '製造效能'!$A:$A=$C17, '製造效能'!$D:$D=$M17, '製造效能'!$E:$E=""攪料""), 1), INDEX(FILTER('製造效能'!Q:Q, '製造效能'!$B:$B=$D17, '製造效能'!$D:$D=$M17, '製造效能'!$E:$E=""攪料""), 1))"),"") | AF17: =IFERROR(__xludf.DUMMYFUNCTION("IFERROR(INDEX(FILTER('製造效能'!R:R, '製造效能'!$A:$A=$C17, '製造效能'!$D:$D=$M17, '製造效能'!$E:$E=""攪料""), 1), INDEX(FILTER('製造效能'!R:R, '製造效能'!$B:$B=$D17, '製造效能'!$D:$D=$M17, '製造效能'!$E:$E=""攪料""), 1))"),"") | AG17: =IFERROR(__xludf.DUMMYFUNCTION("IFERROR(INDEX(FILTER('製造效能'!S:S, '製造效能'!$A:$A=$C17, '製造效能'!$D:$D=$M17, '製造效能'!$E:$E=""攪料""), 1), INDEX(FILTER('製造效能'!S:S, '製造效能'!$B:$B=$D17, '製造效能'!$D:$D=$M17, '製造效能'!$E:$E=""攪料""), 1))"),"") | AH17: =IFERROR(__xludf.DUMMYFUNCTION("IFERROR(INDEX(FILTER('製造效能'!T:T, '製造效能'!$A:$A=$C17, '製造效能'!$D:$D=$M17, '製造效能'!$E:$E=""攪料""), 1), INDEX(FILTER('製造效能'!T:T, '製造效能'!$B:$B=$D17, '製造效能'!$D:$D=$M17, '製造效能'!$E:$E=""攪料""), 1))"),"") | AI17: =IFERROR(__xludf.DUMMYFUNCTION("IFERROR(INDEX(FILTER('製造效能'!U:U, '製造效能'!$A:$A=$C17, '製造效能'!$D:$D=$M17, '製造效能'!$E:$E=""攪料""), 1), INDEX(FILTER('製造效能'!U:U, '製造效能'!$B:$B=$D17, '製造效能'!$D:$D=$M17, '製造效能'!$E:$E=""攪料""), 1))"),"") | AJ17: =IFERROR(__xludf.DUMMYFUNCTION("IFERROR(INDEX(FILTER('製造效能'!V:V, '製造效能'!$A:$A=$C17, '製造效能'!$D:$D=$M17, '製造效能'!$E:$E=""攪料""), 1), INDEX(FILTER('製造效能'!V:V, '製造效能'!$B:$B=$D17, '製造效能'!$D:$D=$M17, '製造效能'!$E:$E=""攪料""), 1))"),"") | AK17: =COUNTIF(充填效能!$A:$A, $C17) -> 1 | AL17: =IFERROR(__xludf.DUMMYFUNCTION("IFERROR(INDEX(FILTER('充填效能'!$Q$2:$Q$1088, '充填效能'!$A$2:$A$1088=$C17, '充填效能'!$D$2:$D$1088=""排瓶""), 1), 0)"),0) -> 0 | AM17: =IFERROR(__xludf.DUMMYFUNCTION("IFERROR(INDEX(FILTER('充填效能'!$R$2:$R$1088, '充填效能'!$A$2:$A$1088=$C17, '充填效能'!$D$2:$D$1088=""排瓶""), 1), 0)"),0) -> 0 | AN17: =IF(AL17=0, 0, $F17/AL17) -> 0 | AO17: =IFERROR(__xludf.DUMMYFUNCTION("IFERROR(INDEX(FILTER('充填效能'!$Q$2:$Q$1088, '充填效能'!$A$2:$A$1088=$C17, '充填效能'!$D$2:$D$1088=""充填""), 1), 0)"),"750") -> 750 | AP17: =IFERROR(__xludf.DUMMYFUNCTION("IFERROR(INDEX(FILTER('充填效能'!$R$2:$R$1088, '充填效能'!$A$2:$A$1088=$C17, '充填效能'!$D$2:$D$1088=""充填""), 1), 0)"),4) -> 4 | AQ17: =IF(AO17=0, 0, $F17/AO17) -> 8 | AR17: =AP17*AQ17 -> 32
A18: 2201-22060900004-0001 | B18: =DATE(2000 + MID(A18, 6, 2), MID(A18, 8, 2), MID(A18, 10, 2)) -> 44721 | C18: PN2YLC1M1P | D18: =MID(C18, 2, 6) -> N2YLC1 | E18: 再生極透光活膚液150ml | F18: 5500 | G18: 45075 | H18: 45044 | I18: 45026 | J18: 45034 | L18: =IFERROR(__xludf.DUMMYFUNCTION("TEXTJOIN("", "", TRUE, UNIQUE(FILTER('製造效能'!$D$2:$D$1732, '製造效能'!$B$2:$B$1732 = D18)))"),"大") -> 大 | M18: =IFERROR(__xludf.DUMMYFUNCTION("INDEX(UNIQUE(FILTER('製造效能'!$D$2:$D$1732, ('製造效能'!$B$2:$B$1732 = D18) * ('製造效能'!$J$2:$J$1732 = MAXIFS('製造效能'!$J$2:$J$1732, '製造效能'!$B$2:$B$1732, D18)))), 1) "),"大") -> 大 | N18: =IFERROR(__xludf.DUMMYFUNCTION("TEXTJOIN("", "", TRUE, UNIQUE(FILTER('製造效能'!$K$2:$K$1732, '製造效能'!$B$2:$B$1732 = D18)))"),"水項") -> 水項 | O18: =IFERROR(__xludf.DUMMYFUNCTION("IFERROR(INDEX(FILTER('充填效能'!I$2:I$1088, '充填效能'!$A$2:$A$1088=$C18, '充填效能'!$D$2:$D$1088=""充填""), 1), 0)"),150) -> 150 | P18: =IFERROR(__xludf.DUMMYFUNCTION("IFERROR(INDEX(FILTER('充填效能'!J$2:J$1088, '充填效能'!$A$2:$A$1088=$C18, '充填效能'!$D$2:$D$1088=""充填""), 1), 0)"),"") | Q18: =IFERROR(__xludf.DUMMYFUNCTION("IFERROR(INDEX(FILTER('充填效能'!K$2:K$1088, '充填效能'!$A$2:$A$1088=$C18, '充填效能'!$D$2:$D$1088=""充填""), 1), 0)"),"") | R18: =IFERROR(__xludf.DUMMYFUNCTION("IFERROR(INDEX(FILTER('充填效能'!L$2:L$1088, '充填效能'!$A$2:$A$1088=$C18, '充填效能'!$D$2:$D$1088=""充填""), 1), 0)"),"") | S18: =COUNTIFS(製造效能!B:B, $D18,製造效能!D:D,M18) -> 3 | T18: =IFERROR(__xludf.DUMMYFUNCTION("VALUE(REGEXEXTRACT(TO_TEXT(O18), ""\d*\.?\d+""))"),150) -> 150 | U18: =F18*T18*1.015 -> 837375 | V18: =IFERROR(__xludf.DUMMYFUNCTION("IFERROR(INDEX(FILTER('製造效能'!J:J, '製造效能'!A:A=$C18, '製造效能'!D:D=M18, '製造效能'!E:E=""攪料""), 1), INDEX(FILTER('製造效能'!J:J, '製造效能'!B:B=$D18, '製造效能'!D:D=M18, '製造效能'!E:E=""攪料""), 1))"),297) -> 297 | W18: =IFERROR(__xludf.DUMMYFUNCTION("IFERROR(INDEX(FILTER('製造效能'!G:G, '製造效能'!A:A=$C18, '製造效能'!D:D=M18, '製造效能'!E:E=""攪料""), 1), INDEX(FILTER('製造效能'!G:G, '製造效能'!B:B=$D18, '製造效能'!D:D=M18, '製造效能'!E:E=""攪料""), 1))"),95) -> 95 | X18: =ROUNDUP(U18/1000/V18,0) -> 3 | Y18: =W18*X18 -> 285 | Z18: =IFERROR(__xludf.DUMMYFUNCTION("IFERROR(IFERROR(INDEX(FILTER('製造效能'!G:G, '製造效能'!A:A=$C18, '製造效能'!D:D=M18, '製造效能'!E:E=""預攪""), 1), INDEX(FILTER('製造效能'!G:G, '製造效能'!B:B=$D18, '製造效能'!D:D=M18, '製造效能'!E:E=""預攪""), 1)), 0)"),30) -> 30 | AA18: =IFERROR(__xludf.DUMMYFUNCTION("IFERROR(INDEX(FILTER('製造效能'!G:G, '製造效能'!A:A=$C18, '製造效能'!D:D=M18, '製造效能'!E:E=""清洗""), 1), INDEX(FILTER('製造效能'!G:G, '製造效能'!B:B=$D18, '製造效能'!D:D=M18, '製造效能'!E:E=""清洗""), 1))"),30) -> 30 | AB18: =IFERROR(__xludf.DUMMYFUNCTION("IFERROR(INDEX(FILTER('製造效能'!N:N, '製造效能'!$A:$A=$C18, '製造效能'!$D:$D=$M18, '製造效能'!$E:$E=""攪料""), 1), INDEX(FILTER('製造效能'!N:N, '製造效能'!$B:$B=$D18, '製造效能'!$D:$D=$M18, '製造效能'!$E:$E=""攪料""), 1))"),"") | AC18: =IFERROR(__xludf.DUMMYFUNCTION("IFERROR(INDEX(FILTER('製造效能'!O:O, '製造效能'!$A:$A=$C18, '製造效能'!$D:$D=$M18, '製造效能'!$E:$E=""攪料""), 1), INDEX(FILTER('製造效能'!O:O, '製造效能'!$B:$B=$D18, '製造效能'!$D:$D=$M18, '製造效能'!$E:$E=""攪料""), 1))"),"") | AD18: =IFERROR(__xludf.DUMMYFUNCTION("IFERROR(INDEX(FILTER('製造效能'!P:P, '製造效能'!$A:$A=$C18, '製造效能'!$D:$D=$M18, '製造效能'!$E:$E=""攪料""), 1), INDEX(FILTER('製造效能'!P:P, '製造效能'!$B:$B=$D18, '製造效能'!$D:$D=$M18, '製造效能'!$E:$E=""攪料""), 1))"),"") | AE18: =IFERROR(__xludf.DUMMYFUNCTION("IFERROR(INDEX(FILTER('製造效能'!Q:Q, '製造效能'!$A:$A=$C18, '製造效能'!$D:$D=$M18, '製造效能'!$E:$E=""攪料""), 1), INDEX(FILTER('製造效能'!Q:Q, '製造效能'!$B:$B=$D18, '製造效能'!$D:$D=$M18, '製造效能'!$E:$E=""攪料""), 1))"),"") | AF18: =IFERROR(__xludf.DUMMYFUNCTION("IFERROR(INDEX(FILTER('製造效能'!R:R, '製造效能'!$A:$A=$C18, '製造效能'!$D:$D=$M18, '製造效能'!$E:$E=""攪料""), 1), INDEX(FILTER('製造效能'!R:R, '製造效能'!$B:$B=$D18, '製造效能'!$D:$D=$M18, '製造效能'!$E:$E=""攪料""), 1))"),"") | AG18: =IFERROR(__xludf.DUMMYFUNCTION("IFERROR(INDEX(FILTER('製造效能'!S:S, '製造效能'!$A:$A=$C18, '製造效能'!$D:$D=$M18, '製造效能'!$E:$E=""攪料""), 1), INDEX(FILTER('製造效能'!S:S, '製造效能'!$B:$B=$D18, '製造效能'!$D:$D=$M18, '製造效能'!$E:$E=""攪料""), 1))"),1) -> 1 | AH18: =IFERROR(__xludf.DUMMYFUNCTION("IFERROR(INDEX(FILTER('製造效能'!T:T, '製造效能'!$A:$A=$C18, '製造效能'!$D:$D=$M18, '製造效能'!$E:$E=""攪料""), 1), INDEX(FILTER('製造效能'!T:T, '製造效能'!$B:$B=$D18, '製造效能'!$D:$D=$M18, '製造效能'!$E:$E=""攪料""), 1))"),"") | AI18: =IFERROR(__xludf.DUMMYFUNCTION("IFERROR(INDEX(FILTER('製造效能'!U:U, '製造效能'!$A:$A=$C18, '製造效能'!$D:$D=$M18, '製造效能'!$E:$E=""攪料""), 1), INDEX(FILTER('製造效能'!U:U, '製造效能'!$B:$B=$D18, '製造效能'!$D:$D=$M18, '製造效能'!$E:$E=""攪料""), 1))"),"") | AJ18: =IFERROR(__xludf.DUMMYFUNCTION("IFERROR(INDEX(FILTER('製造效能'!V:V, '製造效能'!$A:$A=$C18, '製造效能'!$D:$D=$M18, '製造效能'!$E:$E=""攪料""), 1), INDEX(FILTER('製造效能'!V:V, '製造效能'!$B:$B=$D18, '製造效能'!$D:$D=$M18, '製造效能'!$E:$E=""攪料""), 1))"),"") | AK18: =COUNTIF(充填效能!$A:$A, $C18) -> 2 | AL18: =IFERROR(__xludf.DUMMYFUNCTION("IFERROR(INDEX(FILTER('充填效能'!$Q$2:$Q$1088, '充填效能'!$A$2:$A$1088=$C18, '充填效能'!$D$2:$D$1088=""排瓶""), 1), 0)"),"800") -> 800 | AM18: =IFERROR(__xludf.DUMMYFUNCTION("IFERROR(INDEX(FILTER('充填效能'!$R$2:$R$1088, '充填效能'!$A$2:$A$1088=$C18, '充填效能'!$D$2:$D$1088=""排瓶""), 1), 0)"),1) -> 1 | AN18: =IF(AL18=0, 0, $F18/AL18) -> 6.875 | AO18: =IFERROR(__xludf.DUMMYFUNCTION("IFERROR(INDEX(FILTER('充填效能'!$Q$2:$Q$1088, '充填效能'!$A$2:$A$1088=$C18, '充填效能'!$D$2:$D$1088=""充填""), 1), 0)"),"550") -> 550 | AP18: =IFERROR(__xludf.DUMMYFUNCTION("IFERROR(INDEX(FILTER('充填效能'!$R$2:$R$1088, '充填效能'!$A$2:$A$1088=$C18, '充填效能'!$D$2:$D$1088=""充填""), 1), 0)"),4) -> 4 | AQ18: =IF(AO18=0, 0, $F18/AO18) -> 10 | AR18: =AP18*AQ18 -> 40
A19: 2201-23032100001-0002 | B19: =DATE(2000 + MID(A19, 6, 2), MID(A19, 8, 2), MID(A19, 10, 2)) -> 45006 | C19: MEU22D2B1P | D19: =MID(C19, 2, 6) -> EU22D2 | E19: 8%杏仁酸淨痘精華5ML | F19: 10000 | G19: 45055 | H19: 45044 | I19: 44987 | J19: 44939 | L19: =IFERROR(__xludf.DUMMYFUNCTION("TEXTJOIN("", "", TRUE, UNIQUE(FILTER('製造效能'!$D$2:$D$1732, '製造效能'!$B$2:$B$1732 = D19)))"),"大, 精") -> 大, 精 | M19: =IFERROR(__xludf.DUMMYFUNCTION("INDEX(UNIQUE(FILTER('製造效能'!$D$2:$D$1732, ('製造效能'!$B$2:$B$1732 = D19) * ('製造效能'!$J$2:$J$1732 = MAXIFS('製造效能'!$J$2:$J$1732, '製造效能'!$B$2:$B$1732, D19)))), 1) "),"大") -> 大 | N19: =IFERROR(__xludf.DUMMYFUNCTION("TEXTJOIN("", "", TRUE, UNIQUE(FILTER('製造效能'!$K$2:$K$1732, '製造效能'!$B$2:$B$1732 = D19)))"),"水項") -> 水項 | O19: =IFERROR(__xludf.DUMMYFUNCTION("IFERROR(INDEX(FILTER('充填效能'!I$2:I$1088, '充填效能'!$A$2:$A$1088=$C19, '充填效能'!$D$2:$D$1088=""充填""), 1), 0)"),5) -> 5 | P19: =IFERROR(__xludf.DUMMYFUNCTION("IFERROR(INDEX(FILTER('充填效能'!J$2:J$1088, '充填效能'!$A$2:$A$1088=$C19, '充填效能'!$D$2:$D$1088=""充填""), 1), 0)"),"") | Q19: =IFERROR(__xludf.DUMMYFUNCTION("IFERROR(INDEX(FILTER('充填效能'!K$2:K$1088, '充填效能'!$A$2:$A$1088=$C19, '充填效能'!$D$2:$D$1088=""充填""), 1), 0)"),"") | R19: =IFERROR(__xludf.DUMMYFUNCTION("IFERROR(INDEX(FILTER('充填效能'!L$2:L$1088, '充填效能'!$A$2:$A$1088=$C19, '充填效能'!$D$2:$D$1088=""充填""), 1), 0)"),"") | S19: =COUNTIFS(製造效能!B:B, $D19,製造效能!D:D,M19) -> 3 | T19: =IFERROR(__xludf.DUMMYFUNCTION("VALUE(REGEXEXTRACT(TO_TEXT(O19), ""\d*\.?\d+""))"),5) -> 5 | U19: =F19*T19*1.015 -> 50750 | V19: =IFERROR(__xludf.DUMMYFUNCTION("IFERROR(INDEX(FILTER('製造效能'!J:J, '製造效能'!A:A=$C19, '製造效能'!D:D=M19, '製造效能'!E:E=""攪料""), 1), INDEX(FILTER('製造效能'!J:J, '製造效能'!B:B=$D19, '製造效能'!D:D=M19, '製造效能'!E:E=""攪料""), 1))"),412) -> 412 | W19: =IFERROR(__xludf.DUMMYFUNCTION("IFERROR(INDEX(FILTER('製造效能'!G:G, '製造效能'!A:A=$C19, '製造效能'!D:D=M19, '製造效能'!E:E=""攪料""), 1), INDEX(FILTER('製造效能'!G:G, '製造效能'!B:B=$D19, '製造效能'!D:D=M19, '製造效能'!E:E=""攪料""), 1))"),110) -> 110 | X19: =ROUNDUP(U19/1000/V19,0) -> 1 | Y19: =W19*X19 -> 110 | Z19: =IFERROR(__xludf.DUMMYFUNCTION("IFERROR(IFERROR(INDEX(FILTER('製造效能'!G:G, '製造效能'!A:A=$C19, '製造效能'!D:D=M19, '製造效能'!E:E=""預攪""), 1), INDEX(FILTER('製造效能'!G:G, '製造效能'!B:B=$D19, '製造效能'!D:D=M19, '製造效能'!E:E=""預攪""), 1)), 0)"),60) -> 60 | AA19: =IFERROR(__xludf.DUMMYFUNCTION("IFERROR(INDEX(FILTER('製造效能'!G:G, '製造效能'!A:A=$C19, '製造效能'!D:D=M19, '製造效能'!E:E=""清洗""), 1), INDEX(FILTER('製造效能'!G:G, '製造效能'!B:B=$D19, '製造效能'!D:D=M19, '製造效能'!E:E=""清洗""), 1))"),30) -> 30 | AB19: =IFERROR(__xludf.DUMMYFUNCTION("IFERROR(INDEX(FILTER('製造效能'!N:N, '製造效能'!$A:$A=$C19, '製造效能'!$D:$D=$M19, '製造效能'!$E:$E=""攪料""), 1), INDEX(FILTER('製造效能'!N:N, '製造效能'!$B:$B=$D19, '製造效能'!$D:$D=$M19, '製造效能'!$E:$E=""攪料""), 1))"),"") | AC19: =IFERROR(__xludf.DUMMYFUNCTION("IFERROR(INDEX(FILTER('製造效能'!O:O, '製造效能'!$A:$A=$C19, '製造效能'!$D:$D=$M19, '製造效能'!$E:$E=""攪料""), 1), INDEX(FILTER('製造效能'!O:O, '製造效能'!$B:$B=$D19, '製造效能'!$D:$D=$M19, '製造效能'!$E:$E=""攪料""), 1))"),"") | AD19: =IFERROR(__xludf.DUMMYFUNCTION("IFERROR(INDEX(FILTER('製造效能'!P:P, '製造效能'!$A:$A=$C19, '製造效能'!$D:$D=$M19, '製造效能'!$E:$E=""攪料""), 1), INDEX(FILTER('製造效能'!P:P, '製造效能'!$B:$B=$D19, '製造效能'!$D:$D=$M19, '製造效能'!$E:$E=""攪料""), 1))"),"") | AE19: =IFERROR(__xludf.DUMMYFUNCTION("IFERROR(INDEX(FILTER('製造效能'!Q:Q, '製造效能'!$A:$A=$C19, '製造效能'!$D:$D=$M19, '製造效能'!$E:$E=""攪料""), 1), INDEX(FILTER('製造效能'!Q:Q, '製造效能'!$B:$B=$D19, '製造效能'!$D:$D=$M19, '製造效能'!$E:$E=""攪料""), 1))"),"") | AF19: =IFERROR(__xludf.DUMMYFUNCTION("IFERROR(INDEX(FILTER('製造效能'!R:R, '製造效能'!$A:$A=$C19, '製造效能'!$D:$D=$M19, '製造效能'!$E:$E=""攪料""), 1), INDEX(FILTER('製造效能'!R:R, '製造效能'!$B:$B=$D19, '製造效能'!$D:$D=$M19, '製造效能'!$E:$E=""攪料""), 1))"),"") | AG19: =IFERROR(__xludf.DUMMYFUNCTION("IFERROR(INDEX(FILTER('製造效能'!S:S, '製造效能'!$A:$A=$C19, '製造效能'!$D:$D=$M19, '製造效能'!$E:$E=""攪料""), 1), INDEX(FILTER('製造效能'!S:S, '製造效能'!$B:$B=$D19, '製造效能'!$D:$D=$M19, '製造效能'!$E:$E=""攪料""), 1))"),1) -> 1 | AH19: =IFERROR(__xludf.DUMMYFUNCTION("IFERROR(INDEX(FILTER('製造效能'!T:T, '製造效能'!$A:$A=$C19, '製造效能'!$D:$D=$M19, '製造效能'!$E:$E=""攪料""), 1), INDEX(FILTER('製造效能'!T:T, '製造效能'!$B:$B=$D19, '製造效能'!$D:$D=$M19, '製造效能'!$E:$E=""攪料""), 1))"),"") | AI19: =IFERROR(__xludf.DUMMYFUNCTION("IFERROR(INDEX(FILTER('製造效能'!U:U, '製造效能'!$A:$A=$C19, '製造效能'!$D:$D=$M19, '製造效能'!$E:$E=""攪料""), 1), INDEX(FILTER('製造效能'!U:U, '製造效能'!$B:$B=$D19, '製造效能'!$D:$D=$M19, '製造效能'!$E:$E=""攪料""), 1))"),"") | AJ19: =IFERROR(__xludf.DUMMYFUNCTION("IFERROR(INDEX(FILTER('製造效能'!V:V, '製造效能'!$A:$A=$C19, '製造效能'!$D:$D=$M19, '製造效能'!$E:$E=""攪料""), 1), INDEX(FILTER('製造效能'!V:V, '製造效能'!$B:$B=$D19, '製造效能'!$D:$D=$M19, '製造效能'!$E:$E=""攪料""), 1))"),"") | AK19: =COUNTIF(充填效能!$A:$A, $C19) -> 2 | AL19: =IFERROR(__xludf.DUMMYFUNCTION("IFERROR(INDEX(FILTER('充填效能'!$Q$2:$Q$1088, '充填效能'!$A$2:$A$1088=$C19, '充填效能'!$D$2:$D$1088=""排瓶""), 1), 0)"),"1400") -> 1400 | AM19: =IFERROR(__xludf.DUMMYFUNCTION("IFERROR(INDEX(FILTER('充填效能'!$R$2:$R$1088, '充填效能'!$A$2:$A$1088=$C19, '充填效能'!$D$2:$D$1088=""排瓶""), 1), 0)"),1) -> 1 | AN19: =IF(AL19=0, 0, $F19/AL19) -> 7.1428571 | AO19: =IFERROR(__xludf.DUMMYFUNCTION("IFERROR(INDEX(FILTER('充填效能'!$Q$2:$Q$1088, '充填效能'!$A$2:$A$1088=$C19, '充填效能'!$D$2:$D$1088=""充填""), 1), 0)"),"1500") -> 1500 | AP19: =IFERROR(__xludf.DUMMYFUNCTION("IFERROR(INDEX(FILTER('充填效能'!$R$2:$R$1088, '充填效能'!$A$2:$A$1088=$C19, '充填效能'!$D$2:$D$1088=""充填""), 1), 0)"),4) -> 4 | AQ19: =IF(AO19=0, 0, $F19/AO19) -> 6.6666667 | AR19: =AP19*AQ19 -> 26.666667
A20: 2201-23022200003-0001 | B20: =DATE(2000 + MID(A20, 6, 2), MID(A20, 8, 2), MID(A20, 10, 2)) -> 44979 | C20: MEH20P2H1P | D20: =MID(C20, 2, 6) -> EH20P2 | E20: 白鑽松露緊實美胸霜 50g | F20: 1000 | G20: 45055 | H20: 45044 | I20: 45016 | J20: 45036 | L20: =IFERROR(__xludf.DUMMYFUNCTION("TEXTJOIN("", "", TRUE, UNIQUE(FILTER('製造效能'!$D$2:$D$1732, '製造效能'!$B$2:$B$1732 = D20)))"),"小乳") -> 小乳 | M20: =IFERROR(__xludf.DUMMYFUNCTION("INDEX(UNIQUE(FILTER('製造效能'!$D$2:$D$1732, ('製造效能'!$B$2:$B$1732 = D20) * ('製造效能'!$J$2:$J$1732 = MAXIFS('製造效能'!$J$2:$J$1732, '製造效能'!$B$2:$B$1732, D20)))), 1) "),"小乳") -> 小乳 | N20: =IFERROR(__xludf.DUMMYFUNCTION("TEXTJOIN("", "", TRUE, UNIQUE(FILTER('製造效能'!$K$2:$K$1732, '製造效能'!$B$2:$B$1732 = D20)))"),"乳項") -> 乳項 | P20: =IFERROR(__xludf.DUMMYFUNCTION("IFERROR(INDEX(FILTER('充填效能'!J$2:J$1088, '充填效能'!$A$2:$A$1088=$C20, '充填效能'!$D$2:$D$1088=""充填""), 1), 0)"),"") | Q20: =IFERROR(__xludf.DUMMYFUNCTION("IFERROR(INDEX(FILTER('充填效能'!K$2:K$1088, '充填效能'!$A$2:$A$1088=$C20, '充填效能'!$D$2:$D$1088=""充填""), 1), 0)"),"") | R20: =IFERROR(__xludf.DUMMYFUNCTION("IFERROR(INDEX(FILTER('充填效能'!I$2:I$1088, '充填效能'!$A$2:$A$1088=$C20, '充填效能'!$D$2:$D$1088=""充填""), 1), 0)"),49.7) -> 49.7 | S20: =COUNTIFS(製造效能!B:B, $D20,製造效能!D:D,M20) -> 3 | T20: =IFERROR(__xludf.DUMMYFUNCTION("VALUE(REGEXEXTRACT(TO_TEXT(R20), ""\d*\.?\d+""))"),49.7) -> 49.7 | U20: =F20*T20*1.015 -> 50445.5 | V20: =IFERROR(__xludf.DUMMYFUNCTION("IFERROR(INDEX(FILTER('製造效能'!J:J, '製造效能'!A:A=$C20, '製造效能'!D:D=M20, '製造效能'!E:E=""攪料""), 1), INDEX(FILTER('製造效能'!J:J, '製造效能'!B:B=$D20, '製造效能'!D:D=M20, '製造效能'!E:E=""攪料""), 1))"),52) -> 52 | W20: =IFERROR(__xludf.DUMMYFUNCTION("IFERROR(INDEX(FILTER('製造效能'!G:G, '製造效能'!A:A=$C20, '製造效能'!D:D=M20, '製造效能'!E:E=""攪料""), 1), INDEX(FILTER('製造效能'!G:G, '製造效能'!B:B=$D20, '製造效能'!D:D=M20, '製造效能'!E:E=""攪料""), 1))"),140) -> 140 | X20: =ROUNDUP(U20/1000/V20,0) -> 1 | Y20: =W20*X20 -> 140 | Z20: =IFERROR(__xludf.DUMMYFUNCTION("IFERROR(IFERROR(INDEX(FILTER('製造效能'!G:G, '製造效能'!A:A=$C20, '製造效能'!D:D=M20, '製造效能'!E:E=""預攪""), 1), INDEX(FILTER('製造效能'!G:G, '製造效能'!B:B=$D20, '製造效能'!D:D=M20, '製造效能'!E:E=""預攪""), 1)), 0)"),80) -> 80 | AA20: =IFERROR(__xludf.DUMMYFUNCTION("IFERROR(INDEX(FILTER('製造效能'!G:G, '製造效能'!A:A=$C20, '製造效能'!D:D=M20, '製造效能'!E:E=""清洗""), 1), INDEX(FILTER('製造效能'!G:G, '製造效能'!B:B=$D20, '製造效能'!D:D=M20, '製造效能'!E:E=""清洗""), 1))"),45) -> 45 | AB20: =IFERROR(__xludf.DUMMYFUNCTION("IFERROR(INDEX(FILTER('製造效能'!N:N, '製造效能'!$A:$A=$C20, '製造效能'!$D:$D=$M20, '製造效能'!$E:$E=""攪料""), 1), INDEX(FILTER('製造效能'!N:N, '製造效能'!$B:$B=$D20, '製造效能'!$D:$D=$M20, '製造效能'!$E:$E=""攪料""), 1))"),"") | AC20: =IFERROR(__xludf.DUMMYFUNCTION("IFERROR(INDEX(FILTER('製造效能'!O:O, '製造效能'!$A:$A=$C20, '製造效能'!$D:$D=$M20, '製造效能'!$E:$E=""攪料""), 1), INDEX(FILTER('製造效能'!O:O, '製造效能'!$B:$B=$D20, '製造效能'!$D:$D=$M20, '製造效能'!$E:$E=""攪料""), 1))"),"") | AD20: =IFERROR(__xludf.DUMMYFUNCTION("IFERROR(INDEX(FILTER('製造效能'!P:P, '製造效能'!$A:$A=$C20, '製造效能'!$D:$D=$M20, '製造效能'!$E:$E=""攪料""), 1), INDEX(FILTER('製造效能'!P:P, '製造效能'!$B:$B=$D20, '製造效能'!$D:$D=$M20, '製造效能'!$E:$E=""攪料""), 1))"),1) -> 1 | AE20: =IFERROR(__xludf.DUMMYFUNCTION("IFERROR(INDEX(FILTER('製造效能'!Q:Q, '製造效能'!$A:$A=$C20, '製造效能'!$D:$D=$M20, '製造效能'!$E:$E=""攪料""), 1), INDEX(FILTER('製造效能'!Q:Q, '製造效能'!$B:$B=$D20, '製造效能'!$D:$D=$M20, '製造效能'!$E:$E=""攪料""), 1))"),"") | AF20: =IFERROR(__xludf.DUMMYFUNCTION("IFERROR(INDEX(FILTER('製造效能'!R:R, '製造效能'!$A:$A=$C20, '製造效能'!$D:$D=$M20, '製造效能'!$E:$E=""攪料""), 1), INDEX(FILTER('製造效能'!R:R, '製造效能'!$B:$B=$D20, '製造效能'!$D:$D=$M20, '製造效能'!$E:$E=""攪料""), 1))"),"") | AG20: =IFERROR(__xludf.DUMMYFUNCTION("IFERROR(INDEX(FILTER('製造效能'!S:S, '製造效能'!$A:$A=$C20, '製造效能'!$D:$D=$M20, '製造效能'!$E:$E=""攪料""), 1), INDEX(FILTER('製造效能'!S:S, '製造效能'!$B:$B=$D20, '製造效能'!$D:$D=$M20, '製造效能'!$E:$E=""攪料""), 1))"),"") | AH20: =IFERROR(__xludf.DUMMYFUNCTION("IFERROR(INDEX(FILTER('製造效能'!T:T, '製造效能'!$A:$A=$C20, '製造效能'!$D:$D=$M20, '製造效能'!$E:$E=""攪料""), 1), INDEX(FILTER('製造效能'!T:T, '製造效能'!$B:$B=$D20, '製造效能'!$D:$D=$M20, '製造效能'!$E:$E=""攪料""), 1))"),"") | AI20: =IFERROR(__xludf.DUMMYFUNCTION("IFERROR(INDEX(FILTER('製造效能'!U:U, '製造效能'!$A:$A=$C20, '製造效能'!$D:$D=$M20, '製造效能'!$E:$E=""攪料""), 1), INDEX(FILTER('製造效能'!U:U, '製造效能'!$B:$B=$D20, '製造效能'!$D:$D=$M20, '製造效能'!$E:$E=""攪料""), 1))"),"") | AJ20: =IFERROR(__xludf.DUMMYFUNCTION("IFERROR(INDEX(FILTER('製造效能'!V:V, '製造效能'!$A:$A=$C20, '製造效能'!$D:$D=$M20, '製造效能'!$E:$E=""攪料""), 1), INDEX(FILTER('製造效能'!V:V, '製造效能'!$B:$B=$D20, '製造效能'!$D:$D=$M20, '製造效能'!$E:$E=""攪料""), 1))"),"") | AK20: =COUNTIF(充填效能!$A:$A, $C20) -> 2 | AL20: =IFERROR(__xludf.DUMMYFUNCTION("IFERROR(INDEX(FILTER('充填效能'!$Q$2:$Q$1088, '充填效能'!$A$2:$A$1088=$C20, '充填效能'!$D$2:$D$1088=""排瓶""), 1), 0)"),"1500") -> 1500 | AM20: =IFERROR(__xludf.DUMMYFUNCTION("IFERROR(INDEX(FILTER('充填效能'!$R$2:$R$1088, '充填效能'!$A$2:$A$1088=$C20, '充填效能'!$D$2:$D$1088=""排瓶""), 1), 0)"),1) -> 1 | AN20: =IF(AL20=0, 0, $F20/AL20) -> 0.66666667 | AO20: =IFERROR(__xludf.DUMMYFUNCTION("IFERROR(INDEX(FILTER('充填效能'!$Q$2:$Q$1088, '充填效能'!$A$2:$A$1088=$C20, '充填效能'!$D$2:$D$1088=""充填""), 1), 0)"),"900") -> 900 | AP20: =IFERROR(__xludf.DUMMYFUNCTION("IFERROR(INDEX(FILTER('充填效能'!$R$2:$R$1088, '充填效能'!$A$2:$A$1088=$C20, '充填效能'!$D$2:$D$1088=""充填""), 1), 0)"),4) -> 4 | AQ20: =IF(AO20=0, 0, $F20/AO20) -> 1.1111111 | AR20: =AP20*AQ20 -> 4.4444444
A21: 2201-23032400001-0001 | B21: =DATE(2000 + MID(A21, 6, 2), MID(A21, 8, 2), MID(A21, 10, 2)) -> 45009 | C21: PN1MAF1E1P | D21: =MID(C21, 2, 6) -> N1MAF1 | E21: 杏仁酸瞬效淨痘無瑕精華 20ml | F21: 25000 | G21: 45048 | H21: 45048 | I21: 45027 | J21: 45040 | L21: =IFERROR(__xludf.DUMMYFUNCTION("TEXTJOIN("", "", TRUE, UNIQUE(FILTER('製造效能'!$D$2:$D$1732, '製造效能'!$B$2:$B$1732 = D21)))"),"小乳, 大乳") -> 小乳, 大乳 | M21: =IFERROR(__xludf.DUMMYFUNCTION("INDEX(UNIQUE(FILTER('製造效能'!$D$2:$D$1732, ('製造效能'!$B$2:$B$1732 = D21) * ('製造效能'!$J$2:$J$1732 = MAXIFS('製造效能'!$J$2:$J$1732, '製造效能'!$B$2:$B$1732, D21)))), 1) "),"大乳") -> 大乳 | N21: =IFERROR(__xludf.DUMMYFUNCTION("TEXTJOIN("", "", TRUE, UNIQUE(FILTER('製造效能'!$K$2:$K$1732, '製造效能'!$B$2:$B$1732 = D21)))"),"乳項") -> 乳項 | P21: =IFERROR(__xludf.DUMMYFUNCTION("IFERROR(INDEX(FILTER('充填效能'!J$2:J$1088, '充填效能'!$A$2:$A$1088=$C21, '充填效能'!$D$2:$D$1088=""充填""), 1), 0)"),"") | Q21: =IFERROR(__xludf.DUMMYFUNCTION("IFERROR(INDEX(FILTER('充填效能'!K$2:K$1088, '充填效能'!$A$2:$A$1088=$C21, '充填效能'!$D$2:$D$1088=""充填""), 1), 0)"),"") | R21: =IFERROR(__xludf.DUMMYFUNCTION("IFERROR(INDEX(FILTER('充填效能'!I$2:I$1088, '充填效能'!$A$2:$A$1088=$C21, '充填效能'!$D$2:$D$1088=""充填""), 1), 0)"),20) -> 20 | S21: =COUNTIFS(製造效能!B:B, $D21,製造效能!D:D,M21) -> 3 | T21: =IFERROR(__xludf.DUMMYFUNCTION("VALUE(REGEXEXTRACT(TO_TEXT(R21), ""\d*\.?\d+""))"),20) -> 20 | U21: =F21*T21*1.015 -> 507500 | V21: =IFERROR(__xludf.DUMMYFUNCTION("IFERROR(INDEX(FILTER('製造效能'!J:J, '製造效能'!A:A=$C21, '製造效能'!D:D=M21, '製造效能'!E:E=""攪料""), 1), INDEX(FILTER('製造效能'!J:J, '製造效能'!B:B=$D21, '製造效能'!D:D=M21, '製造效能'!E:E=""攪料""), 1))"),103) -> 103 | W21: =IFERROR(__xludf.DUMMYFUNCTION("IFERROR(INDEX(FILTER('製造效能'!G:G, '製造效能'!A:A=$C21, '製造效能'!D:D=M21, '製造效能'!E:E=""攪料""), 1), INDEX(FILTER('製造效能'!G:G, '製造效能'!B:B=$D21, '製造效能'!D:D=M21, '製造效能'!E:E=""攪料""), 1))"),190) -> 190 | X21: =ROUNDUP(U21/1000/V21,0) -> 5 | Y21: =W21*X21 -> 950 | Z21: =IFERROR(__xludf.DUMMYFUNCTION("IFERROR(IFERROR(INDEX(FILTER('製造效能'!G:G, '製造效能'!A:A=$C21, '製造效能'!D:D=M21, '製造效能'!E:E=""預攪""), 1), INDEX(FILTER('製造效能'!G:G, '製造效能'!B:B=$D21, '製造效能'!D:D=M21, '製造效能'!E:E=""預攪""), 1)), 0)"),25) -> 25 | AA21: =IFERROR(__xludf.DUMMYFUNCTION("IFERROR(INDEX(FILTER('製造效能'!G:G, '製造效能'!A:A=$C21, '製造效能'!D:D=M21, '製造效能'!E:E=""清洗""), 1), INDEX(FILTER('製造效能'!G:G, '製造效能'!B:B=$D21, '製造效能'!D:D=M21, '製造效能'!E:E=""清洗""), 1))"),40) -> 40 | AB21: =IFERROR(__xludf.DUMMYFUNCTION("IFERROR(INDEX(FILTER('製造效能'!N:N, '製造效能'!$A:$A=$C21, '製造效能'!$D:$D=$M21, '製造效能'!$E:$E=""攪料""), 1), INDEX(FILTER('製造效能'!N:N, '製造效能'!$B:$B=$D21, '製造效能'!$D:$D=$M21, '製造效能'!$E:$E=""攪料""), 1))"),"") | AC21: =IFERROR(__xludf.DUMMYFUNCTION("IFERROR(INDEX(FILTER('製造效能'!O:O, '製造效能'!$A:$A=$C21, '製造效能'!$D:$D=$M21, '製造效能'!$E:$E=""攪料""), 1), INDEX(FILTER('製造效能'!O:O, '製造效能'!$B:$B=$D21, '製造效能'!$D:$D=$M21, '製造效能'!$E:$E=""攪料""), 1))"),"") | AD21: =IFERROR(__xludf.DUMMYFUNCTION("IFERROR(INDEX(FILTER('製造效能'!P:P, '製造效能'!$A:$A=$C21, '製造效能'!$D:$D=$M21, '製造效能'!$E:$E=""攪料""), 1), INDEX(FILTER('製造效能'!P:P, '製造效能'!$B:$B=$D21, '製造效能'!$D:$D=$M21, '製造效能'!$E:$E=""攪料""), 1))"),"") | AE21: =IFERROR(__xludf.DUMMYFUNCTION("IFERROR(INDEX(FILTER('製造效能'!Q:Q, '製造效能'!$A:$A=$C21, '製造效能'!$D:$D=$M21, '製造效能'!$E:$E=""攪料""), 1), INDEX(FILTER('製造效能'!Q:Q, '製造效能'!$B:$B=$D21, '製造效能'!$D:$D=$M21, '製造效能'!$E:$E=""攪料""), 1))"),1) -> 1 | AF21: =IFERROR(__xludf.DUMMYFUNCTION("IFERROR(INDEX(FILTER('製造效能'!R:R, '製造效能'!$A:$A=$C21, '製造效能'!$D:$D=$M21, '製造效能'!$E:$E=""攪料""), 1), INDEX(FILTER('製造效能'!R:R, '製造效能'!$B:$B=$D21, '製造效能'!$D:$D=$M21, '製造效能'!$E:$E=""攪料""), 1))"),"") | AG21: =IFERROR(__xludf.DUMMYFUNCTION("IFERROR(INDEX(FILTER('製造效能'!S:S, '製造效能'!$A:$A=$C21, '製造效能'!$D:$D=$M21, '製造效能'!$E:$E=""攪料""), 1), INDEX(FILTER('製造效能'!S:S, '製造效能'!$B:$B=$D21, '製造效能'!$D:$D=$M21, '製造效能'!$E:$E=""攪料""), 1))"),"") | AH21: =IFERROR(__xludf.DUMMYFUNCTION("IFERROR(INDEX(FILTER('製造效能'!T:T, '製造效能'!$A:$A=$C21, '製造效能'!$D:$D=$M21, '製造效能'!$E:$E=""攪料""), 1), INDEX(FILTER('製造效能'!T:T, '製造效能'!$B:$B=$D21, '製造效能'!$D:$D=$M21, '製造效能'!$E:$E=""攪料""), 1))"),"") | AI21: =IFERROR(__xludf.DUMMYFUNCTION("IFERROR(INDEX(FILTER('製造效能'!U:U, '製造效能'!$A:$A=$C21, '製造效能'!$D:$D=$M21, '製造效能'!$E:$E=""攪料""), 1), INDEX(FILTER('製造效能'!U:U, '製造效能'!$B:$B=$D21, '製造效能'!$D:$D=$M21, '製造效能'!$E:$E=""攪料""), 1))"),"") | AJ21: =IFERROR(__xludf.DUMMYFUNCTION("IFERROR(INDEX(FILTER('製造效能'!V:V, '製造效能'!$A:$A=$C21, '製造效能'!$D:$D=$M21, '製造效能'!$E:$E=""攪料""), 1), INDEX(FILTER('製造效能'!V:V, '製造效能'!$B:$B=$D21, '製造效能'!$D:$D=$M21, '製造效能'!$E:$E=""攪料""), 1))"),"") | AK21: =COUNTIF(充填效能!$A:$A, $C21) -> 1 | AL21: =IFERROR(__xludf.DUMMYFUNCTION("IFERROR(INDEX(FILTER('充填效能'!$Q$2:$Q$1088, '充填效能'!$A$2:$A$1088=$C21, '充填效能'!$D$2:$D$1088=""排瓶""), 1), 0)"),0) -> 0 | AM21: =IFERROR(__xludf.DUMMYFUNCTION("IFERROR(INDEX(FILTER('充填效能'!$R$2:$R$1088, '充填效能'!$A$2:$A$1088=$C21, '充填效能'!$D$2:$D$1088=""排瓶""), 1), 0)"),0) -> 0 | AN21: =IF(AL21=0, 0, $F21/AL21) -> 0 | AO21: =IFERROR(__xludf.DUMMYFUNCTION("IFERROR(INDEX(FILTER('充填效能'!$Q$2:$Q$1088, '充填效能'!$A$2:$A$1088=$C21, '充填效能'!$D$2:$D$1088=""充填""), 1), 0)"),"1000") -> 1000 | AP21: =IFERROR(__xludf.DUMMYFUNCTION("IFERROR(INDEX(FILTER('充填效能'!$R$2:$R$1088, '充填效能'!$A$2:$A$1088=$C21, '充填效能'!$D$2:$D$1088=""充填""), 1), 0)"),4) -> 4 | AQ21: =IF(AO21=0, 0, $F21/AO21) -> 25 | AR21: =AP21*AQ21 -> 100
A22: 2201-23021300001-0001 | B22: =DATE(2000 + MID(A22, 6, 2), MID(A22, 8, 2), MID(A22, 10, 2)) -> 44970 | C22: MAA17F2C2P | D22: =MID(C22, 2, 6) -> AA17F2 | E22: ​草本舒緩精華露9ML | F22: 5000 | G22: 45075 | H22: 45048 | I22: 45027 | J22: 44979 | L22: =IFERROR(__xludf.DUMMYFUNCTION("TEXTJOIN("", "", TRUE, UNIQUE(FILTER('製造效能'!$D$2:$D$1732, '製造效能'!$B$2:$B$1732 = D22)))"),"精") -> 精 | M22: =IFERROR(__xludf.DUMMYFUNCTION("INDEX(UNIQUE(FILTER('製造效能'!$D$2:$D$1732, ('製造效能'!$B$2:$B$1732 = D22) * ('製造效能'!$J$2:$J$1732 = MAXIFS('製造效能'!$J$2:$J$1732, '製造效能'!$B$2:$B$1732, D22)))), 1) "),"精") -> 精 | N22: =IFERROR(__xludf.DUMMYFUNCTION("TEXTJOIN("", "", TRUE, UNIQUE(FILTER('製造效能'!$K$2:$K$1732, '製造效能'!$B$2:$B$1732 = D22)))"),"水項") -> 水項 | O22: =IFERROR(__xludf.DUMMYFUNCTION("IFERROR(INDEX(FILTER('充填效能'!I$2:I$1088, '充填效能'!$A$2:$A$1088=$C22, '充填效能'!$D$2:$D$1088=""充填""), 1), 0)"),9.2) -> 9.2 | P22: =IFERROR(__xludf.DUMMYFUNCTION("IFERROR(INDEX(FILTER('充填效能'!J$2:J$1088, '充填效能'!$A$2:$A$1088=$C22, '充填效能'!$D$2:$D$1088=""充填""), 1), 0)"),"") | Q22: =IFERROR(__xludf.DUMMYFUNCTION("IFERROR(INDEX(FILTER('充填效能'!K$2:K$1088, '充填效能'!$A$2:$A$1088=$C22, '充填效能'!$D$2:$D$1088=""充填""), 1), 0)"),"") | R22: =IFERROR(__xludf.DUMMYFUNCTION("IFERROR(INDEX(FILTER('充填效能'!L$2:L$1088, '充填效能'!$A$2:$A$1088=$C22, '充填效能'!$D$2:$D$1088=""充填""), 1), 0)"),"") | S22: =COUNTIFS(製造效能!B:B, $D22,製造效能!D:D,M22) -> 3 | T22: =IFERROR(__xludf.DUMMYFUNCTION("VALUE(REGEXEXTRACT(TO_TEXT(O22), ""\d*\.?\d+""))"),9.2) -> 9.2 | U22: =F22*T22*1.015 -> 46690 | V22: =IFERROR(__xludf.DUMMYFUNCTION("IFERROR(INDEX(FILTER('製造效能'!J:J, '製造效能'!A:A=$C22, '製造效能'!D:D=M22, '製造效能'!E:E=""攪料""), 1), INDEX(FILTER('製造效能'!J:J, '製造效能'!B:B=$D22, '製造效能'!D:D=M22, '製造效能'!E:E=""攪料""), 1))"),48) -> 48 | W22: =IFERROR(__xludf.DUMMYFUNCTION("IFERROR(INDEX(FILTER('製造效能'!G:G, '製造效能'!A:A=$C22, '製造效能'!D:D=M22, '製造效能'!E:E=""攪料""), 1), INDEX(FILTER('製造效能'!G:G, '製造效能'!B:B=$D22, '製造效能'!D:D=M22, '製造效能'!E:E=""攪料""), 1))"),80) -> 80 | X22: =ROUNDUP(U22/1000/V22,0) -> 1 | Y22: =W22*X22 -> 80 | Z22: =IFERROR(__xludf.DUMMYFUNCTION("IFERROR(IFERROR(INDEX(FILTER('製造效能'!G:G, '製造效能'!A:A=$C22, '製造效能'!D:D=M22, '製造效能'!E:E=""預攪""), 1), INDEX(FILTER('製造效能'!G:G, '製造效能'!B:B=$D22, '製造效能'!D:D=M22, '製造效能'!E:E=""預攪""), 1)), 0)"),25) -> 25 | AA22: =IFERROR(__xludf.DUMMYFUNCTION("IFERROR(INDEX(FILTER('製造效能'!G:G, '製造效能'!A:A=$C22, '製造效能'!D:D=M22, '製造效能'!E:E=""清洗""), 1), INDEX(FILTER('製造效能'!G:G, '製造效能'!B:B=$D22, '製造效能'!D:D=M22, '製造效能'!E:E=""清洗""), 1))"),15) -> 15 | AB22: =IFERROR(__xludf.DUMMYFUNCTION("IFERROR(INDEX(FILTER('製造效能'!N:N, '製造效能'!$A:$A=$C22, '製造效能'!$D:$D=$M22, '製造效能'!$E:$E=""攪料""), 1), INDEX(FILTER('製造效能'!N:N, '製造效能'!$B:$B=$D22, '製造效能'!$D:$D=$M22, '製造效能'!$E:$E=""攪料""), 1))"),"") | AC22: =IFERROR(__xludf.DUMMYFUNCTION("IFERROR(INDEX(FILTER('製造效能'!O:O, '製造效能'!$A:$A=$C22, '製造效能'!$D:$D=$M22, '製造效能'!$E:$E=""攪料""), 1), INDEX(FILTER('製造效能'!O:O, '製造效能'!$B:$B=$D22, '製造效能'!$D:$D=$M22, '製造效能'!$E:$E=""攪料""), 1))"),1) -> 1 | AD22: =IFERROR(__xludf.DUMMYFUNCTION("IFERROR(INDEX(FILTER('製造效能'!P:P, '製造效能'!$A:$A=$C22, '製造效能'!$D:$D=$M22, '製造效能'!$E:$E=""攪料""), 1), INDEX(FILTER('製造效能'!P:P, '製造效能'!$B:$B=$D22, '製造效能'!$D:$D=$M22, '製造效能'!$E:$E=""攪料""), 1))"),"") | AE22: =IFERROR(__xludf.DUMMYFUNCTION("IFERROR(INDEX(FILTER('製造效能'!Q:Q, '製造效能'!$A:$A=$C22, '製造效能'!$D:$D=$M22, '製造效能'!$E:$E=""攪料""), 1), INDEX(FILTER('製造效能'!Q:Q, '製造效能'!$B:$B=$D22, '製造效能'!$D:$D=$M22, '製造效能'!$E:$E=""攪料""), 1))"),"") | AF22: =IFERROR(__xludf.DUMMYFUNCTION("IFERROR(INDEX(FILTER('製造效能'!R:R, '製造效能'!$A:$A=$C22, '製造效能'!$D:$D=$M22, '製造效能'!$E:$E=""攪料""), 1), INDEX(FILTER('製造效能'!R:R, '製造效能'!$B:$B=$D22, '製造效能'!$D:$D=$M22, '製造效能'!$E:$E=""攪料""), 1))"),"") | AG22: =IFERROR(__xludf.DUMMYFUNCTION("IFERROR(INDEX(FILTER('製造效能'!S:S, '製造效能'!$A:$A=$C22, '製造效能'!$D:$D=$M22, '製造效能'!$E:$E=""攪料""), 1), INDEX(FILTER('製造效能'!S:S, '製造效能'!$B:$B=$D22, '製造效能'!$D:$D=$M22, '製造效能'!$E:$E=""攪料""), 1))"),"") | AH22: =IFERROR(__xludf.DUMMYFUNCTION("IFERROR(INDEX(FILTER('製造效能'!T:T, '製造效能'!$A:$A=$C22, '製造效能'!$D:$D=$M22, '製造效能'!$E:$E=""攪料""), 1), INDEX(FILTER('製造效能'!T:T, '製造效能'!$B:$B=$D22, '製造效能'!$D:$D=$M22, '製造效能'!$E:$E=""攪料""), 1))"),"") | AI22: =IFERROR(__xludf.DUMMYFUNCTION("IFERROR(INDEX(FILTER('製造效能'!U:U, '製造效能'!$A:$A=$C22, '製造效能'!$D:$D=$M22, '製造效能'!$E:$E=""攪料""), 1), INDEX(FILTER('製造效能'!U:U, '製造效能'!$B:$B=$D22, '製造效能'!$D:$D=$M22, '製造效能'!$E:$E=""攪料""), 1))"),"") | AJ22: =IFERROR(__xludf.DUMMYFUNCTION("IFERROR(INDEX(FILTER('製造效能'!V:V, '製造效能'!$A:$A=$C22, '製造效能'!$D:$D=$M22, '製造效能'!$E:$E=""攪料""), 1), INDEX(FILTER('製造效能'!V:V, '製造效能'!$B:$B=$D22, '製造效能'!$D:$D=$M22, '製造效能'!$E:$E=""攪料""), 1))"),"") | AK22: =COUNTIF(充填效能!$A:$A, $C22) -> 2 | AL22: =IFERROR(__xludf.DUMMYFUNCTION("IFERROR(INDEX(FILTER('充填效能'!$Q$2:$Q$1088, '充填效能'!$A$2:$A$1088=$C22, '充填效能'!$D$2:$D$1088=""排瓶""), 1), 0)"),"1700") -> 1700 | AM22: =IFERROR(__xludf.DUMMYFUNCTION("IFERROR(INDEX(FILTER('充填效能'!$R$2:$R$1088, '充填效能'!$A$2:$A$1088=$C22, '充填效能'!$D$2:$D$1088=""排瓶""), 1), 0)"),1) -> 1 | AN22: =IF(AL22=0, 0, $F22/AL22) -> 2.9411765 | AO22: =IFERROR(__xludf.DUMMYFUNCTION("IFERROR(INDEX(FILTER('充填效能'!$Q$2:$Q$1088, '充填效能'!$A$2:$A$1088=$C22, '充填效能'!$D$2:$D$1088=""充填""), 1), 0)"),"1700") -> 1700 | AP22: =IFERROR(__xludf.DUMMYFUNCTION("IFERROR(INDEX(FILTER('充填效能'!$R$2:$R$1088, '充填效能'!$A$2:$A$1088=$C22, '充填效能'!$D$2:$D$1088=""充填""), 1), 0)"),4) -> 4 | AQ22: =IF(AO22=0, 0, $F22/AO22) -> 2.9411765 | AR22: =AP22*AQ22 -> 11.764706
A23: 2201-23021300002-0001 | B23: =DATE(2000 + MID(A23, 6, 2), MID(A23, 8, 2), MID(A23, 10, 2)) -> 44970 | C23: MEU21D5F1P | D23: =MID(C23, 2, 6) -> EU21D5 | E23: 3%傳明酸美白精華30ML | F23: 5000 | G23: 45063 | H23: 45050 | I23: 44993 | J23: 45044 | L23: =IFERROR(__xludf.DUMMYFUNCTION("TEXTJOIN("", "", TRUE, UNIQUE(FILTER('製造效能'!$D$2:$D$1732, '製造效能'!$B$2:$B$1732 = D23)))"),"大, 精") -> 大, 精 | M23: =IFERROR(__xludf.DUMMYFUNCTION("INDEX(UNIQUE(FILTER('製造效能'!$D$2:$D$1732, ('製造效能'!$B$2:$B$1732 = D23) * ('製造效能'!$J$2:$J$1732 = MAXIFS('製造效能'!$J$2:$J$1732, '製造效能'!$B$2:$B$1732, D23)))), 1) "),"大") -> 大 | N23: =IFERROR(__xludf.DUMMYFUNCTION("TEXTJOIN("", "", TRUE, UNIQUE(FILTER('製造效能'!$K$2:$K$1732, '製造效能'!$B$2:$B$1732 = D23)))"),"水項") -> 水項 | O23: =IFERROR(__xludf.DUMMYFUNCTION("IFERROR(INDEX(FILTER('充填效能'!I$2:I$1088, '充填效能'!$A$2:$A$1088=$C23, '充填效能'!$D$2:$D$1088=""充填""), 1), 0)"),30.6) -> 30.6 | P23: =IFERROR(__xludf.DUMMYFUNCTION("IFERROR(INDEX(FILTER('充填效能'!J$2:J$1088, '充填效能'!$A$2:$A$1088=$C23, '充填效能'!$D$2:$D$1088=""充填""), 1), 0)"),"") | Q23: =IFERROR(__xludf.DUMMYFUNCTION("IFERROR(INDEX(FILTER('充填效能'!K$2:K$1088, '充填效能'!$A$2:$A$1088=$C23, '充填效能'!$D$2:$D$1088=""充填""), 1), 0)"),"") | R23: =IFERROR(__xludf.DUMMYFUNCTION("IFERROR(INDEX(FILTER('充填效能'!L$2:L$1088, '充填效能'!$A$2:$A$1088=$C23, '充填效能'!$D$2:$D$1088=""充填""), 1), 0)"),"") | S23: =COUNTIFS(製造效能!B:B, $D23,製造效能!D:D,M23) -> 3 | T23: =IFERROR(__xludf.DUMMYFUNCTION("VALUE(REGEXEXTRACT(TO_TEXT(O23), ""\d*\.?\d+""))"),30.6) -> 30.6 | U23: =F23*T23*1.015 -> 155295 | V23: =IFERROR(__xludf.DUMMYFUNCTION("IFERROR(INDEX(FILTER('製造效能'!J:J, '製造效能'!A:A=$C23, '製造效能'!D:D=M23, '製造效能'!E:E=""攪料""), 1), INDEX(FILTER('製造效能'!J:J, '製造效能'!B:B=$D23, '製造效能'!D:D=M23, '製造效能'!E:E=""攪料""), 1))"),170) -> 170 | W23: =IFERROR(__xludf.DUMMYFUNCTION("IFERROR(INDEX(FILTER('製造效能'!G:G, '製造效能'!A:A=$C23, '製造效能'!D:D=M23, '製造效能'!E:E=""攪料""), 1), INDEX(FILTER('製造效能'!G:G, '製造效能'!B:B=$D23, '製造效能'!D:D=M23, '製造效能'!E:E=""攪料""), 1))"),70) -> 70 | X23: =ROUNDUP(U23/1000/V23,0) -> 1 | Y23: =W23*X23 -> 70 | Z23: =IFERROR(__xludf.DUMMYFUNCTION("IFERROR(IFERROR(INDEX(FILTER('製造效能'!G:G, '製造效能'!A:A=$C23, '製造效能'!D:D=M23, '製造效能'!E:E=""預攪""), 1), INDEX(FILTER('製造效能'!G:G, '製造效能'!B:B=$D23, '製造效能'!D:D=M23, '製造效能'!E:E=""預攪""), 1)), 0)"),25) -> 25 | AA23: =IFERROR(__xludf.DUMMYFUNCTION("IFERROR(INDEX(FILTER('製造效能'!G:G, '製造效能'!A:A=$C23, '製造效能'!D:D=M23, '製造效能'!E:E=""清洗""), 1), INDEX(FILTER('製造效能'!G:G, '製造效能'!B:B=$D23, '製造效能'!D:D=M23, '製造效能'!E:E=""清洗""), 1))"),30) -> 30 | AB23: =IFERROR(__xludf.DUMMYFUNCTION("IFERROR(INDEX(FILTER('製造效能'!N:N, '製造效能'!$A:$A=$C23, '製造效能'!$D:$D=$M23, '製造效能'!$E:$E=""攪料""), 1), INDEX(FILTER('製造效能'!N:N, '製造效能'!$B:$B=$D23, '製造效能'!$D:$D=$M23, '製造效能'!$E:$E=""攪料""), 1))"),"") | AC23: =IFERROR(__xludf.DUMMYFUNCTION("IFERROR(INDEX(FILTER('製造效能'!O:O, '製造效能'!$A:$A=$C23, '製造效能'!$D:$D=$M23, '製造效能'!$E:$E=""攪料""), 1), INDEX(FILTER('製造效能'!O:O, '製造效能'!$B:$B=$D23, '製造效能'!$D:$D=$M23, '製造效能'!$E:$E=""攪料""), 1))"),1) -> 1 | AD23: =IFERROR(__xludf.DUMMYFUNCTION("IFERROR(INDEX(FILTER('製造效能'!P:P, '製造效能'!$A:$A=$C23, '製造效能'!$D:$D=$M23, '製造效能'!$E:$E=""攪料""), 1), INDEX(FILTER('製造效能'!P:P, '製造效能'!$B:$B=$D23, '製造效能'!$D:$D=$M23, '製造效能'!$E:$E=""攪料""), 1))"),"") | AE23: =IFERROR(__xludf.DUMMYFUNCTION("IFERROR(INDEX(FILTER('製造效能'!Q:Q, '製造效能'!$A:$A=$C23, '製造效能'!$D:$D=$M23, '製造效能'!$E:$E=""攪料""), 1), INDEX(FILTER('製造效能'!Q:Q, '製造效能'!$B:$B=$D23, '製造效能'!$D:$D=$M23, '製造效能'!$E:$E=""攪料""), 1))"),"") | AF23: =IFERROR(__xludf.DUMMYFUNCTION("IFERROR(INDEX(FILTER('製造效能'!R:R, '製造效能'!$A:$A=$C23, '製造效能'!$D:$D=$M23, '製造效能'!$E:$E=""攪料""), 1), INDEX(FILTER('製造效能'!R:R, '製造效能'!$B:$B=$D23, '製造效能'!$D:$D=$M23, '製造效能'!$E:$E=""攪料""), 1))"),"") | AG23: =IFERROR(__xludf.DUMMYFUNCTION("IFERROR(INDEX(FILTER('製造效能'!S:S, '製造效能'!$A:$A=$C23, '製造效能'!$D:$D=$M23, '製造效能'!$E:$E=""攪料""), 1), INDEX(FILTER('製造效能'!S:S, '製造效能'!$B:$B=$D23, '製造效能'!$D:$D=$M23, '製造效能'!$E:$E=""攪料""), 1))"),1) -> 1 | AH23: =IFERROR(__xludf.DUMMYFUNCTION("IFERROR(INDEX(FILTER('製造效能'!T:T, '製造效能'!$A:$A=$C23, '製造效能'!$D:$D=$M23, '製造效能'!$E:$E=""攪料""), 1), INDEX(FILTER('製造效能'!T:T, '製造效能'!$B:$B=$D23, '製造效能'!$D:$D=$M23, '製造效能'!$E:$E=""攪料""), 1))"),"") | AI23: =IFERROR(__xludf.DUMMYFUNCTION("IFERROR(INDEX(FILTER('製造效能'!U:U, '製造效能'!$A:$A=$C23, '製造效能'!$D:$D=$M23, '製造效能'!$E:$E=""攪料""), 1), INDEX(FILTER('製造效能'!U:U, '製造效能'!$B:$B=$D23, '製造效能'!$D:$D=$M23, '製造效能'!$E:$E=""攪料""), 1))"),"") | AJ23: =IFERROR(__xludf.DUMMYFUNCTION("IFERROR(INDEX(FILTER('製造效能'!V:V, '製造效能'!$A:$A=$C23, '製造效能'!$D:$D=$M23, '製造效能'!$E:$E=""攪料""), 1), INDEX(FILTER('製造效能'!V:V, '製造效能'!$B:$B=$D23, '製造效能'!$D:$D=$M23, '製造效能'!$E:$E=""攪料""), 1))"),"") | AK23: =COUNTIF(充填效能!$A:$A, $C23) -> 2 | AL23: =IFERROR(__xludf.DUMMYFUNCTION("IFERROR(INDEX(FILTER('充填效能'!$Q$2:$Q$1088, '充填效能'!$A$2:$A$1088=$C23, '充填效能'!$D$2:$D$1088=""排瓶""), 1), 0)"),"1600") -> 1600 | AM23: =IFERROR(__xludf.DUMMYFUNCTION("IFERROR(INDEX(FILTER('充填效能'!$R$2:$R$1088, '充填效能'!$A$2:$A$1088=$C23, '充填效能'!$D$2:$D$1088=""排瓶""), 1), 0)"),1) -> 1 | AN23: =IF(AL23=0, 0, $F23/AL23) -> 3.125 | AO23: =IFERROR(__xludf.DUMMYFUNCTION("IFERROR(INDEX(FILTER('充填效能'!$Q$2:$Q$1088, '充填效能'!$A$2:$A$1088=$C23, '充填效能'!$D$2:$D$1088=""充填""), 1), 0)"),"1500") -> 1500 | AP23: =IFERROR(__xludf.DUMMYFUNCTION("IFERROR(INDEX(FILTER('充填效能'!$R$2:$R$1088, '充填效能'!$A$2:$A$1088=$C23, '充填效能'!$D$2:$D$1088=""充填""), 1), 0)"),3) -> 3 | AQ23: =IF(AO23=0, 0, $F23/AO23) -> 3.3333333 | AR23: =AP23*AQ23 -> 10
A24: 2201-23042700001-0001 | B24: =DATE(2000 + MID(A24, 6, 2), MID(A24, 8, 2), MID(A24, 10, 2)) -> 45043 | C24: MEU22D2B1P | D24: =MID(C24, 2, 6) -> EU22D2 | E24: 8%杏仁酸淨痘精華5ML | F24: 10000 | G24: 45061 | H24: 45050 | I24: 44987 | J24: 44939 | L24: =IFERROR(__xludf.DUMMYFUNCTION("TEXTJOIN("", "", TRUE, UNIQUE(FILTER('製造效能'!$D$2:$D$1732, '製造效能'!$B$2:$B$1732 = D24)))"),"大, 精") -> 大, 精 | M24: =IFERROR(__xludf.DUMMYFUNCTION("INDEX(UNIQUE(FILTER('製造效能'!$D$2:$D$1732, ('製造效能'!$B$2:$B$1732 = D24) * ('製造效能'!$J$2:$J$1732 = MAXIFS('製造效能'!$J$2:$J$1732, '製造效能'!$B$2:$B$1732, D24)))), 1) "),"大") -> 大 | N24: =IFERROR(__xludf.DUMMYFUNCTION("TEXTJOIN("", "", TRUE, UNIQUE(FILTER('製造效能'!$K$2:$K$1732, '製造效能'!$B$2:$B$1732 = D24)))"),"水項") -> 水項 | O24: =IFERROR(__xludf.DUMMYFUNCTION("IFERROR(INDEX(FILTER('充填效能'!I$2:I$1088, '充填效能'!$A$2:$A$1088=$C24, '充填效能'!$D$2:$D$1088=""充填""), 1), 0)"),5) -> 5 | P24: =IFERROR(__xludf.DUMMYFUNCTION("IFERROR(INDEX(FILTER('充填效能'!J$2:J$1088, '充填效能'!$A$2:$A$1088=$C24, '充填效能'!$D$2:$D$1088=""充填""), 1), 0)"),"") | Q24: =IFERROR(__xludf.DUMMYFUNCTION("IFERROR(INDEX(FILTER('充填效能'!K$2:K$1088, '充填效能'!$A$2:$A$1088=$C24, '充填效能'!$D$2:$D$1088=""充填""), 1), 0)"),"") | R24: =IFERROR(__xludf.DUMMYFUNCTION("IFERROR(INDEX(FILTER('充填效能'!L$2:L$1088, '充填效能'!$A$2:$A$1088=$C24, '充填效能'!$D$2:$D$1088=""充填""), 1), 0)"),"") | S24: =COUNTIFS(製造效能!B:B, $D24,製造效能!D:D,M24) -> 3 | T24: =IFERROR(__xludf.DUMMYFUNCTION("VALUE(REGEXEXTRACT(TO_TEXT(O24), ""\d*\.?\d+""))"),5) -> 5 | U24: =F24*T24*1.015 -> 50750 | V24: =IFERROR(__xludf.DUMMYFUNCTION("IFERROR(INDEX(FILTER('製造效能'!J:J, '製造效能'!A:A=$C24, '製造效能'!D:D=M24, '製造效能'!E:E=""攪料""), 1), INDEX(FILTER('製造效能'!J:J, '製造效能'!B:B=$D24, '製造效能'!D:D=M24, '製造效能'!E:E=""攪料""), 1))"),412) -> 412 | W24: =IFERROR(__xludf.DUMMYFUNCTION("IFERROR(INDEX(FILTER('製造效能'!G:G, '製造效能'!A:A=$C24, '製造效能'!D:D=M24, '製造效能'!E:E=""攪料""), 1), INDEX(FILTER('製造效能'!G:G, '製造效能'!B:B=$D24, '製造效能'!D:D=M24, '製造效能'!E:E=""攪料""), 1))"),110) -> 110 | X24: =ROUNDUP(U24/1000/V24,0) -> 1 | Y24: =W24*X24 -> 110 | Z24: =IFERROR(__xludf.DUMMYFUNCTION("IFERROR(IFERROR(INDEX(FILTER('製造效能'!G:G, '製造效能'!A:A=$C24, '製造效能'!D:D=M24, '製造效能'!E:E=""預攪""), 1), INDEX(FILTER('製造效能'!G:G, '製造效能'!B:B=$D24, '製造效能'!D:D=M24, '製造效能'!E:E=""預攪""), 1)), 0)"),60) -> 60 | AA24: =IFERROR(__xludf.DUMMYFUNCTION("IFERROR(INDEX(FILTER('製造效能'!G:G, '製造效能'!A:A=$C24, '製造效能'!D:D=M24, '製造效能'!E:E=""清洗""), 1), INDEX(FILTER('製造效能'!G:G, '製造效能'!B:B=$D24, '製造效能'!D:D=M24, '製造效能'!E:E=""清洗""), 1))"),30) -> 30 | AB24: =IFERROR(__xludf.DUMMYFUNCTION("IFERROR(INDEX(FILTER('製造效能'!N:N, '製造效能'!$A:$A=$C24, '製造效能'!$D:$D=$M24, '製造效能'!$E:$E=""攪料""), 1), INDEX(FILTER('製造效能'!N:N, '製造效能'!$B:$B=$D24, '製造效能'!$D:$D=$M24, '製造效能'!$E:$E=""攪料""), 1))"),"") | AC24: =IFERROR(__xludf.DUMMYFUNCTION("IFERROR(INDEX(FILTER('製造效能'!O:O, '製造效能'!$A:$A=$C24, '製造效能'!$D:$D=$M24, '製造效能'!$E:$E=""攪料""), 1), INDEX(FILTER('製造效能'!O:O, '製造效能'!$B:$B=$D24, '製造效能'!$D:$D=$M24, '製造效能'!$E:$E=""攪料""), 1))"),"") | AD24: =IFERROR(__xludf.DUMMYFUNCTION("IFERROR(INDEX(FILTER('製造效能'!P:P, '製造效能'!$A:$A=$C24, '製造效能'!$D:$D=$M24, '製造效能'!$E:$E=""攪料""), 1), INDEX(FILTER('製造效能'!P:P, '製造效能'!$B:$B=$D24, '製造效能'!$D:$D=$M24, '製造效能'!$E:$E=""攪料""), 1))"),"") | AE24: =IFERROR(__xludf.DUMMYFUNCTION("IFERROR(INDEX(FILTER('製造效能'!Q:Q, '製造效能'!$A:$A=$C24, '製造效能'!$D:$D=$M24, '製造效能'!$E:$E=""攪料""), 1), INDEX(FILTER('製造效能'!Q:Q, '製造效能'!$B:$B=$D24, '製造效能'!$D:$D=$M24, '製造效能'!$E:$E=""攪料""), 1))"),"") | AF24: =IFERROR(__xludf.DUMMYFUNCTION("IFERROR(INDEX(FILTER('製造效能'!R:R, '製造效能'!$A:$A=$C24, '製造效能'!$D:$D=$M24, '製造效能'!$E:$E=""攪料""), 1), INDEX(FILTER('製造效能'!R:R, '製造效能'!$B:$B=$D24, '製造效能'!$D:$D=$M24, '製造效能'!$E:$E=""攪料""), 1))"),"") | AG24: =IFERROR(__xludf.DUMMYFUNCTION("IFERROR(INDEX(FILTER('製造效能'!S:S, '製造效能'!$A:$A=$C24, '製造效能'!$D:$D=$M24, '製造效能'!$E:$E=""攪料""), 1), INDEX(FILTER('製造效能'!S:S, '製造效能'!$B:$B=$D24, '製造效能'!$D:$D=$M24, '製造效能'!$E:$E=""攪料""), 1))"),1) -> 1 | AH24: =IFERROR(__xludf.DUMMYFUNCTION("IFERROR(INDEX(FILTER('製造效能'!T:T, '製造效能'!$A:$A=$C24, '製造效能'!$D:$D=$M24, '製造效能'!$E:$E=""攪料""), 1), INDEX(FILTER('製造效能'!T:T, '製造效能'!$B:$B=$D24, '製造效能'!$D:$D=$M24, '製造效能'!$E:$E=""攪料""), 1))"),"") | AI24: =IFERROR(__xludf.DUMMYFUNCTION("IFERROR(INDEX(FILTER('製造效能'!U:U, '製造效能'!$A:$A=$C24, '製造效能'!$D:$D=$M24, '製造效能'!$E:$E=""攪料""), 1), INDEX(FILTER('製造效能'!U:U, '製造效能'!$B:$B=$D24, '製造效能'!$D:$D=$M24, '製造效能'!$E:$E=""攪料""), 1))"),"") | AJ24: =IFERROR(__xludf.DUMMYFUNCTION("IFERROR(INDEX(FILTER('製造效能'!V:V, '製造效能'!$A:$A=$C24, '製造效能'!$D:$D=$M24, '製造效能'!$E:$E=""攪料""), 1), INDEX(FILTER('製造效能'!V:V, '製造效能'!$B:$B=$D24, '製造效能'!$D:$D=$M24, '製造效能'!$E:$E=""攪料""), 1))"),"") | AK24: =COUNTIF(充填效能!$A:$A, $C24) -> 2 | AL24: =IFERROR(__xludf.DUMMYFUNCTION("IFERROR(INDEX(FILTER('充填效能'!$Q$2:$Q$1088, '充填效能'!$A$2:$A$1088=$C24, '充填效能'!$D$2:$D$1088=""排瓶""), 1), 0)"),"1400") -> 1400 | AM24: =IFERROR(__xludf.DUMMYFUNCTION("IFERROR(INDEX(FILTER('充填效能'!$R$2:$R$1088, '充填效能'!$A$2:$A$1088=$C24, '充填效能'!$D$2:$D$1088=""排瓶""), 1), 0)"),1) -> 1 | AN24: =IF(AL24=0, 0, $F24/AL24) -> 7.1428571 | AO24: =IFERROR(__xludf.DUMMYFUNCTION("IFERROR(INDEX(FILTER('充填效能'!$Q$2:$Q$1088, '充填效能'!$A$2:$A$1088=$C24, '充填效能'!$D$2:$D$1088=""充填""), 1), 0)"),"1500") -> 1500 | AP24: =IFERROR(__xludf.DUMMYFUNCTION("IFERROR(INDEX(FILTER('充填效能'!$R$2:$R$1088, '充填效能'!$A$2:$A$1088=$C24, '充填效能'!$D$2:$D$1088=""充填""), 1), 0)"),4) -> 4 | AQ24: =IF(AO24=0, 0, $F24/AO24) -> 6.6666667 | AR24: =AP24*AQ24 -> 26.666667
A25: 2201-23041100001-0002 | B25: =DATE(2000 + MID(A25, 6, 2), MID(A25, 8, 2), MID(A25, 10, 2)) -> 45027 | C25: PN1CAE1D1N | D25: =MID(C25, 2, 6) -> N1CAE1 | E25: 積雪草B5修護純粹凝乳 | F25: 6500 | G25: 45058 | H25: 45050 | I25: 44993 | J25: 45044 | L25: =IFERROR(__xludf.DUMMYFUNCTION("TEXTJOIN("", "", TRUE, UNIQUE(FILTER('製造效能'!$D$2:$D$1732, '製造效能'!$B$2:$B$1732 = D25)))"),"精") -> 精 | M25: =IFERROR(__xludf.DUMMYFUNCTION("INDEX(UNIQUE(FILTER('製造效能'!$D$2:$D$1732, ('製造效能'!$B$2:$B$1732 = D25) * ('製造效能'!$J$2:$J$1732 = MAXIFS('製造效能'!$J$2:$J$1732, '製造效能'!$B$2:$B$1732, D25)))), 1) "),"精") -> 精 | N25: =IFERROR(__xludf.DUMMYFUNCTION("TEXTJOIN("", "", TRUE, UNIQUE(FILTER('製造效能'!$K$2:$K$1732, '製造效能'!$B$2:$B$1732 = D25)))"),"水項") -> 水項 | O25: =IFERROR(__xludf.DUMMYFUNCTION("IFERROR(INDEX(FILTER('充填效能'!I$2:I$1088, '充填效能'!$A$2:$A$1088=$C25, '充填效能'!$D$2:$D$1088=""充填""), 1), 0)"),15) -> 15 | P25: =IFERROR(__xludf.DUMMYFUNCTION("IFERROR(INDEX(FILTER('充填效能'!J$2:J$1088, '充填效能'!$A$2:$A$1088=$C25, '充填效能'!$D$2:$D$1088=""充填""), 1), 0)"),"") | Q25: =IFERROR(__xludf.DUMMYFUNCTION("IFERROR(INDEX(FILTER('充填效能'!K$2:K$1088, '充填效能'!$A$2:$A$1088=$C25, '充填效能'!$D$2:$D$1088=""充填""), 1), 0)"),"") | R25: =IFERROR(__xludf.DUMMYFUNCTION("IFERROR(INDEX(FILTER('充填效能'!L$2:L$1088, '充填效能'!$A$2:$A$1088=$C25, '充填效能'!$D$2:$D$1088=""充填""), 1), 0)"),"") | S25: =COUNTIFS(製造效能!B:B, $D25,製造效能!D:D,M25) -> 2 | T25: =IFERROR(__xludf.DUMMYFUNCTION("VALUE(REGEXEXTRACT(TO_TEXT(O25), ""\d*\.?\d+""))"),15) -> 15 | U25: =F25*T25*1.015 -> 98962.5 | V25: =IFERROR(__xludf.DUMMYFUNCTION("IFERROR(INDEX(FILTER('製造效能'!J:J, '製造效能'!A:A=$C25, '製造效能'!D:D=M25, '製造效能'!E:E=""攪料""), 1), INDEX(FILTER('製造效能'!J:J, '製造效能'!B:B=$D25, '製造效能'!D:D=M25, '製造效能'!E:E=""攪料""), 1))"),81) -> 81 | W25: =IFERROR(__xludf.DUMMYFUNCTION("IFERROR(INDEX(FILTER('製造效能'!G:G, '製造效能'!A:A=$C25, '製造效能'!D:D=M25, '製造效能'!E:E=""攪料""), 1), INDEX(FILTER('製造效能'!G:G, '製造效能'!B:B=$D25, '製造效能'!D:D=M25, '製造效能'!E:E=""攪料""), 1))"),90) -> 90 | X25: =ROUNDUP(U25/1000/V25,0) -> 2 | Y25: =W25*X25 -> 180 | Z25: =IFERROR(__xludf.DUMMYFUNCTION("IFERROR(IFERROR(INDEX(FILTER('製造效能'!G:G, '製造效能'!A:A=$C25, '製造效能'!D:D=M25, '製造效能'!E:E=""預攪""), 1), INDEX(FILTER('製造效能'!G:G, '製造效能'!B:B=$D25, '製造效能'!D:D=M25, '製造效能'!E:E=""預攪""), 1)), 0)"),0) -> 0 | AA25: =IFERROR(__xludf.DUMMYFUNCTION("IFERROR(INDEX(FILTER('製造效能'!G:G, '製造效能'!A:A=$C25, '製造效能'!D:D=M25, '製造效能'!E:E=""清洗""), 1), INDEX(FILTER('製造效能'!G:G, '製造效能'!B:B=$D25, '製造效能'!D:D=M25, '製造效能'!E:E=""清洗""), 1))"),15) -> 15 | AB25: =IFERROR(__xludf.DUMMYFUNCTION("IFERROR(INDEX(FILTER('製造效能'!N:N, '製造效能'!$A:$A=$C25, '製造效能'!$D:$D=$M25, '製造效能'!$E:$E=""攪料""), 1), INDEX(FILTER('製造效能'!N:N, '製造效能'!$B:$B=$D25, '製造效能'!$D:$D=$M25, '製造效能'!$E:$E=""攪料""), 1))"),"") | AC25: =IFERROR(__xludf.DUMMYFUNCTION("IFERROR(INDEX(FILTER('製造效能'!O:O, '製造效能'!$A:$A=$C25, '製造效能'!$D:$D=$M25, '製造效能'!$E:$E=""攪料""), 1), INDEX(FILTER('製造效能'!O:O, '製造效能'!$B:$B=$D25, '製造效能'!$D:$D=$M25, '製造效能'!$E:$E=""攪料""), 1))"),1) -> 1 | AD25: =IFERROR(__xludf.DUMMYFUNCTION("IFERROR(INDEX(FILTER('製造效能'!P:P, '製造效能'!$A:$A=$C25, '製造效能'!$D:$D=$M25, '製造效能'!$E:$E=""攪料""), 1), INDEX(FILTER('製造效能'!P:P, '製造效能'!$B:$B=$D25, '製造效能'!$D:$D=$M25, '製造效能'!$E:$E=""攪料""), 1))"),"") | AE25: =IFERROR(__xludf.DUMMYFUNCTION("IFERROR(INDEX(FILTER('製造效能'!Q:Q, '製造效能'!$A:$A=$C25, '製造效能'!$D:$D=$M25, '製造效能'!$E:$E=""攪料""), 1), INDEX(FILTER('製造效能'!Q:Q, '製造效能'!$B:$B=$D25, '製造效能'!$D:$D=$M25, '製造效能'!$E:$E=""攪料""), 1))"),"") | AF25: =IFERROR(__xludf.DUMMYFUNCTION("IFERROR(INDEX(FILTER('製造效能'!R:R, '製造效能'!$A:$A=$C25, '製造效能'!$D:$D=$M25, '製造效能'!$E:$E=""攪料""), 1), INDEX(FILTER('製造效能'!R:R, '製造效能'!$B:$B=$D25, '製造效能'!$D:$D=$M25, '製造效能'!$E:$E=""攪料""), 1))"),"") | AG25: =IFERROR(__xludf.DUMMYFUNCTION("IFERROR(INDEX(FILTER('製造效能'!S:S, '製造效能'!$A:$A=$C25, '製造效能'!$D:$D=$M25, '製造效能'!$E:$E=""攪料""), 1), INDEX(FILTER('製造效能'!S:S, '製造效能'!$B:$B=$D25, '製造效能'!$D:$D=$M25, '製造效能'!$E:$E=""攪料""), 1))"),"") | AH25: =IFERROR(__xludf.DUMMYFUNCTION("IFERROR(INDEX(FILTER('製造效能'!T:T, '製造效能'!$A:$A=$C25, '製造效能'!$D:$D=$M25, '製造效能'!$E:$E=""攪料""), 1), INDEX(FILTER('製造效能'!T:T, '製造效能'!$B:$B=$D25, '製造效能'!$D:$D=$M25, '製造效能'!$E:$E=""攪料""), 1))"),"") | AI25: =IFERROR(__xludf.DUMMYFUNCTION("IFERROR(INDEX(FILTER('製造效能'!U:U, '製造效能'!$A:$A=$C25, '製造效能'!$D:$D=$M25, '製造效能'!$E:$E=""攪料""), 1), INDEX(FILTER('製造效能'!U:U, '製造效能'!$B:$B=$D25, '製造效能'!$D:$D=$M25, '製造效能'!$E:$E=""攪料""), 1))"),"") | AJ25: =IFERROR(__xludf.DUMMYFUNCTION("IFERROR(INDEX(FILTER('製造效能'!V:V, '製造效能'!$A:$A=$C25, '製造效能'!$D:$D=$M25, '製造效能'!$E:$E=""攪料""), 1), INDEX(FILTER('製造效能'!V:V, '製造效能'!$B:$B=$D25, '製造效能'!$D:$D=$M25, '製造效能'!$E:$E=""攪料""), 1))"),"") | AK25: =COUNTIF(充填效能!$A:$A, $C25) -> 1 | AL25: =IFERROR(__xludf.DUMMYFUNCTION("IFERROR(INDEX(FILTER('充填效能'!$Q$2:$Q$1088, '充填效能'!$A$2:$A$1088=$C25, '充填效能'!$D$2:$D$1088=""排瓶""), 1), 0)"),0) -> 0 | AM25: =IFERROR(__xludf.DUMMYFUNCTION("IFERROR(INDEX(FILTER('充填效能'!$R$2:$R$1088, '充填效能'!$A$2:$A$1088=$C25, '充填效能'!$D$2:$D$1088=""排瓶""), 1), 0)"),0) -> 0 | AN25: =IF(AL25=0, 0, $F25/AL25) -> 0 | AO25: =IFERROR(__xludf.DUMMYFUNCTION("IFERROR(INDEX(FILTER('充填效能'!$Q$2:$Q$1088, '充填效能'!$A$2:$A$1088=$C25, '充填效能'!$D$2:$D$1088=""充填""), 1), 0)"),"1000") -> 1000 | AP25: =IFERROR(__xludf.DUMMYFUNCTION("IFERROR(INDEX(FILTER('充填效能'!$R$2:$R$1088, '充填效能'!$A$2:$A$1088=$C25, '充填效能'!$D$2:$D$1088=""充填""), 1), 0)"),4) -> 4 | AQ25: =IF(AO25=0, 0, $F25/AO25) -> 6.5 | AR25: =AP25*AQ25 -> 26
A26: 2201-23032400002-0001 | B26: =DATE(2000 + MID(A26, 6, 2), MID(A26, 8, 2), MID(A26, 10, 2)) -> 45009 | C26: MDD20D1K1N | D26: =MID(C26, 2, 6) -> DD20D1 | E26: 10%杏仁酸精華100ml | F26: 70 | G26: 45051 | H26: 45051 | I26: 45027 | J26: 45001 | L26: =IFERROR(__xludf.DUMMYFUNCTION("TEXTJOIN("", "", TRUE, UNIQUE(FILTER('製造效能'!$D$2:$D$1732, '製造效能'!$B$2:$B$1732 = D26)))"),"精") -> 精 | M26: =IFERROR(__xludf.DUMMYFUNCTION("INDEX(UNIQUE(FILTER('製造效能'!$D$2:$D$1732, ('製造效能'!$B$2:$B$1732 = D26) * ('製造效能'!$J$2:$J$1732 = MAXIFS('製造效能'!$J$2:$J$1732, '製造效能'!$B$2:$B$1732, D26)))), 1) "),"精") -> 精 | N26: =IFERROR(__xludf.DUMMYFUNCTION("TEXTJOIN("", "", TRUE, UNIQUE(FILTER('製造效能'!$K$2:$K$1732, '製造效能'!$B$2:$B$1732 = D26)))"),"水項") -> 水項 | O26: =IFERROR(__xludf.DUMMYFUNCTION("IFERROR(INDEX(FILTER('充填效能'!I$2:I$1088, '充填效能'!$A$2:$A$1088=$C26, '充填效能'!$D$2:$D$1088=""充填""), 1), 0)"),99.1) -> 99.1 | P26: =IFERROR(__xludf.DUMMYFUNCTION("IFERROR(INDEX(FILTER('充填效能'!J$2:J$1088, '充填效能'!$A$2:$A$1088=$C26, '充填效能'!$D$2:$D$1088=""充填""), 1), 0)"),"") | Q26: =IFERROR(__xludf.DUMMYFUNCTION("IFERROR(INDEX(FILTER('充填效能'!K$2:K$1088, '充填效能'!$A$2:$A$1088=$C26, '充填效能'!$D$2:$D$1088=""充填""), 1), 0)"),"") | R26: =IFERROR(__xludf.DUMMYFUNCTION("IFERROR(INDEX(FILTER('充填效能'!L$2:L$1088, '充填效能'!$A$2:$A$1088=$C26, '充填效能'!$D$2:$D$1088=""充填""), 1), 0)"),"") | S26: =COUNTIFS(製造效能!B:B, $D26,製造效能!D:D,M26) -> 3 | T26: =IFERROR(__xludf.DUMMYFUNCTION("VALUE(REGEXEXTRACT(TO_TEXT(O26), ""\d*\.?\d+""))"),99.1) -> 99.1 | U26: =F26*T26*1.015 -> 7041.055 | V26: =IFERROR(__xludf.DUMMYFUNCTION("IFERROR(INDEX(FILTER('製造效能'!J:J, '製造效能'!A:A=$C26, '製造效能'!D:D=M26, '製造效能'!E:E=""攪料""), 1), INDEX(FILTER('製造效能'!J:J, '製造效能'!B:B=$D26, '製造效能'!D:D=M26, '製造效能'!E:E=""攪料""), 1))"),18) -> 18 | W26: =IFERROR(__xludf.DUMMYFUNCTION("IFERROR(INDEX(FILTER('製造效能'!G:G, '製造效能'!A:A=$C26, '製造效能'!D:D=M26, '製造效能'!E:E=""攪料""), 1), INDEX(FILTER('製造效能'!G:G, '製造效能'!B:B=$D26, '製造效能'!D:D=M26, '製造效能'!E:E=""攪料""), 1))"),65) -> 65 | X26: =ROUNDUP(U26/1000/V26,0) -> 1 | Y26: =W26*X26 -> 65 | Z26: =IFERROR(__xludf.DUMMYFUNCTION("IFERROR(IFERROR(INDEX(FILTER('製造效能'!G:G, '製造效能'!A:A=$C26, '製造效能'!D:D=M26, '製造效能'!E:E=""預攪""), 1), INDEX(FILTER('製造效能'!G:G, '製造效能'!B:B=$D26, '製造效能'!D:D=M26, '製造效能'!E:E=""預攪""), 1)), 0)"),65) -> 65 | AA26: =IFERROR(__xludf.DUMMYFUNCTION("IFERROR(INDEX(FILTER('製造效能'!G:G, '製造效能'!A:A=$C26, '製造效能'!D:D=M26, '製造效能'!E:E=""清洗""), 1), INDEX(FILTER('製造效能'!G:G, '製造效能'!B:B=$D26, '製造效能'!D:D=M26, '製造效能'!E:E=""清洗""), 1))"),20) -> 20 | AB26: =IFERROR(__xludf.DUMMYFUNCTION("IFERROR(INDEX(FILTER('製造效能'!N:N, '製造效能'!$A:$A=$C26, '製造效能'!$D:$D=$M26, '製造效能'!$E:$E=""攪料""), 1), INDEX(FILTER('製造效能'!N:N, '製造效能'!$B:$B=$D26, '製造效能'!$D:$D=$M26, '製造效能'!$E:$E=""攪料""), 1))"),"") | AC26: =IFERROR(__xludf.DUMMYFUNCTION("IFERROR(INDEX(FILTER('製造效能'!O:O, '製造效能'!$A:$A=$C26, '製造效能'!$D:$D=$M26, '製造效能'!$E:$E=""攪料""), 1), INDEX(FILTER('製造效能'!O:O, '製造效能'!$B:$B=$D26, '製造效能'!$D:$D=$M26, '製造效能'!$E:$E=""攪料""), 1))"),"") | AD26: =IFERROR(__xludf.DUMMYFUNCTION("IFERROR(INDEX(FILTER('製造效能'!P:P, '製造效能'!$A:$A=$C26, '製造效能'!$D:$D=$M26, '製造效能'!$E:$E=""攪料""), 1), INDEX(FILTER('製造效能'!P:P, '製造效能'!$B:$B=$D26, '製造效能'!$D:$D=$M26, '製造效能'!$E:$E=""攪料""), 1))"),"") | AE26: =IFERROR(__xludf.DUMMYFUNCTION("IFERROR(INDEX(FILTER('製造效能'!Q:Q, '製造效能'!$A:$A=$C26, '製造效能'!$D:$D=$M26, '製造效能'!$E:$E=""攪料""), 1), INDEX(FILTER('製造效能'!Q:Q, '製造效能'!$B:$B=$D26, '製造效能'!$D:$D=$M26, '製造效能'!$E:$E=""攪料""), 1))"),"") | AF26: =IFERROR(__xludf.DUMMYFUNCTION("IFERROR(INDEX(FILTER('製造效能'!R:R, '製造效能'!$A:$A=$C26, '製造效能'!$D:$D=$M26, '製造效能'!$E:$E=""攪料""), 1), INDEX(FILTER('製造效能'!R:R, '製造效能'!$B:$B=$D26, '製造效能'!$D:$D=$M26, '製造效能'!$E:$E=""攪料""), 1))"),"") | AG26: =IFERROR(__xludf.DUMMYFUNCTION("IFERROR(INDEX(FILTER('製造效能'!S:S, '製造效能'!$A:$A=$C26, '製造效能'!$D:$D=$M26, '製造效能'!$E:$E=""攪料""), 1), INDEX(FILTER('製造效能'!S:S, '製造效能'!$B:$B=$D26, '製造效能'!$D:$D=$M26, '製造效能'!$E:$E=""攪料""), 1))"),"") | AH26: =IFERROR(__xludf.DUMMYFUNCTION("IFERROR(INDEX(FILTER('製造效能'!T:T, '製造效能'!$A:$A=$C26, '製造效能'!$D:$D=$M26, '製造效能'!$E:$E=""攪料""), 1), INDEX(FILTER('製造效能'!T:T, '製造效能'!$B:$B=$D26, '製造效能'!$D:$D=$M26, '製造效能'!$E:$E=""攪料""), 1))"),"") | AI26: =IFERROR(__xludf.DUMMYFUNCTION("IFERROR(INDEX(FILTER('製造效能'!U:U, '製造效能'!$A:$A=$C26, '製造效能'!$D:$D=$M26, '製造效能'!$E:$E=""攪料""), 1), INDEX(FILTER('製造效能'!U:U, '製造效能'!$B:$B=$D26, '製造效能'!$D:$D=$M26, '製造效能'!$E:$E=""攪料""), 1))"),"") | AJ26: =IFERROR(__xludf.DUMMYFUNCTION("IFERROR(INDEX(FILTER('製造效能'!V:V, '製造效能'!$A:$A=$C26, '製造效能'!$D:$D=$M26, '製造效能'!$E:$E=""攪料""), 1), INDEX(FILTER('製造效能'!V:V, '製造效能'!$B:$B=$D26, '製造效能'!$D:$D=$M26, '製造效能'!$E:$E=""攪料""), 1))"),"") | AK26: =COUNTIF(充填效能!$A:$A, $C26) -> 2 | AL26: =IFERROR(__xludf.DUMMYFUNCTION("IFERROR(INDEX(FILTER('充填效能'!$Q$2:$Q$1088, '充填效能'!$A$2:$A$1088=$C26, '充填效能'!$D$2:$D$1088=""排瓶""), 1), 0)"),"1000") -> 1000 | AM26: =IFERROR(__xludf.DUMMYFUNCTION("IFERROR(INDEX(FILTER('充填效能'!$R$2:$R$1088, '充填效能'!$A$2:$A$1088=$C26, '充填效能'!$D$2:$D$1088=""排瓶""), 1), 0)"),1) -> 1 | AN26: =IF(AL26=0, 0, $F26/AL26) -> 0.07 | AO26: =IFERROR(__xludf.DUMMYFUNCTION("IFERROR(INDEX(FILTER('充填效能'!$Q$2:$Q$1088, '充填效能'!$A$2:$A$1088=$C26, '充填效能'!$D$2:$D$1088=""充填""), 1), 0)"),"390") -> 390 | AP26: =IFERROR(__xludf.DUMMYFUNCTION("IFERROR(INDEX(FILTER('充填效能'!$R$2:$R$1088, '充填效能'!$A$2:$A$1088=$C26, '充填效能'!$D$2:$D$1088=""充填""), 1), 0)"),4) -> 4 | AQ26: =IF(AO26=0, 0, $F26/AO26) -> 0.17948718 | AR26: =AP26*AQ26 -> 0.71794872
A27: 2201-23011700001-0001 | B27: =DATE(2000 + MID(A27, 6, 2), MID(A27, 8, 2), MID(A27, 10, 2)) -> 44943 | C27: MEU21D5B1P | D27: =MID(C27, 2, 6) -> EU21D5 | E27: 3%傳明酸美白精華5ML | F27: 10000 | G27: 45063 | H27: 45054 | I27: 44993 | J27: 45030 | L27: =IFERROR(__xludf.DUMMYFUNCTION("TEXTJOIN("", "", TRUE, UNIQUE(FILTER('製造效能'!$D$2:$D$1732, '製造效能'!$B$2:$B$1732 = D27)))"),"大, 精") -> 大, 精 | M27: =IFERROR(__xludf.DUMMYFUNCTION("INDEX(UNIQUE(FILTER('製造效能'!$D$2:$D$1732, ('製造效能'!$B$2:$B$1732 = D27) * ('製造效能'!$J$2:$J$1732 = MAXIFS('製造效能'!$J$2:$J$1732, '製造效能'!$B$2:$B$1732, D27)))), 1) "),"大") -> 大 | N27: =IFERROR(__xludf.DUMMYFUNCTION("TEXTJOIN("", "", TRUE, UNIQUE(FILTER('製造效能'!$K$2:$K$1732, '製造效能'!$B$2:$B$1732 = D27)))"),"水項") -> 水項 | O27: =IFERROR(__xludf.DUMMYFUNCTION("IFERROR(INDEX(FILTER('充填效能'!I$2:I$1088, '充填效能'!$A$2:$A$1088=$C27, '充填效能'!$D$2:$D$1088=""充填""), 1), 0)"),4.9) -> 4.9 | P27: =IFERROR(__xludf.DUMMYFUNCTION("IFERROR(INDEX(FILTER('充填效能'!J$2:J$1088, '充填效能'!$A$2:$A$1088=$C27, '充填效能'!$D$2:$D$1088=""充填""), 1), 0)"),"") | Q27: =IFERROR(__xludf.DUMMYFUNCTION("IFERROR(INDEX(FILTER('充填效能'!K$2:K$1088, '充填效能'!$A$2:$A$1088=$C27, '充填效能'!$D$2:$D$1088=""充填""), 1), 0)"),"") | R27: =IFERROR(__xludf.DUMMYFUNCTION("IFERROR(INDEX(FILTER('充填效能'!L$2:L$1088, '充填效能'!$A$2:$A$1088=$C27, '充填效能'!$D$2:$D$1088=""充填""), 1), 0)"),"") | S27: =COUNTIFS(製造效能!B:B, $D27,製造效能!D:D,M27) -> 3 | T27: =IFERROR(__xludf.DUMMYFUNCTION("VALUE(REGEXEXTRACT(TO_TEXT(O27), ""\d*\.?\d+""))"),4.9) -> 4.9 | U27: =F27*T27*1.015 -> 49735 | V27: =IFERROR(__xludf.DUMMYFUNCTION("IFERROR(INDEX(FILTER('製造效能'!J:J, '製造效能'!A:A=$C27, '製造效能'!D:D=M27, '製造效能'!E:E=""攪料""), 1), INDEX(FILTER('製造效能'!J:J, '製造效能'!B:B=$D27, '製造效能'!D:D=M27, '製造效能'!E:E=""攪料""), 1))"),170) -> 170 | W27: =IFERROR(__xludf.DUMMYFUNCTION("IFERROR(INDEX(FILTER('製造效能'!G:G, '製造效能'!A:A=$C27, '製造效能'!D:D=M27, '製造效能'!E:E=""攪料""), 1), INDEX(FILTER('製造效能'!G:G, '製造效能'!B:B=$D27, '製造效能'!D:D=M27, '製造效能'!E:E=""攪料""), 1))"),70) -> 70 | X27: =ROUNDUP(U27/1000/V27,0) -> 1 | Y27: =W27*X27 -> 70 | Z27: =IFERROR(__xludf.DUMMYFUNCTION("IFERROR(IFERROR(INDEX(FILTER('製造效能'!G:G, '製造效能'!A:A=$C27, '製造效能'!D:D=M27, '製造效能'!E:E=""預攪""), 1), INDEX(FILTER('製造效能'!G:G, '製造效能'!B:B=$D27, '製造效能'!D:D=M27, '製造效能'!E:E=""預攪""), 1)), 0)"),25) -> 25 | AA27: =IFERROR(__xludf.DUMMYFUNCTION("IFERROR(INDEX(FILTER('製造效能'!G:G, '製造效能'!A:A=$C27, '製造效能'!D:D=M27, '製造效能'!E:E=""清洗""), 1), INDEX(FILTER('製造效能'!G:G, '製造效能'!B:B=$D27, '製造效能'!D:D=M27, '製造效能'!E:E=""清洗""), 1))"),30) -> 30 | AB27: =IFERROR(__xludf.DUMMYFUNCTION("IFERROR(INDEX(FILTER('製造效能'!N:N, '製造效能'!$A:$A=$C27, '製造效能'!$D:$D=$M27, '製造效能'!$E:$E=""攪料""), 1), INDEX(FILTER('製造效能'!N:N, '製造效能'!$B:$B=$D27, '製造效能'!$D:$D=$M27, '製造效能'!$E:$E=""攪料""), 1))"),"") | AC27: =IFERROR(__xludf.DUMMYFUNCTION("IFERROR(INDEX(FILTER('製造效能'!O:O, '製造效能'!$A:$A=$C27, '製造效能'!$D:$D=$M27, '製造效能'!$E:$E=""攪料""), 1), INDEX(FILTER('製造效能'!O:O, '製造效能'!$B:$B=$D27, '製造效能'!$D:$D=$M27, '製造效能'!$E:$E=""攪料""), 1))"),1) -> 1 | AD27: =IFERROR(__xludf.DUMMYFUNCTION("IFERROR(INDEX(FILTER('製造效能'!P:P, '製造效能'!$A:$A=$C27, '製造效能'!$D:$D=$M27, '製造效能'!$E:$E=""攪料""), 1), INDEX(FILTER('製造效能'!P:P, '製造效能'!$B:$B=$D27, '製造效能'!$D:$D=$M27, '製造效能'!$E:$E=""攪料""), 1))"),"") | AE27: =IFERROR(__xludf.DUMMYFUNCTION("IFERROR(INDEX(FILTER('製造效能'!Q:Q, '製造效能'!$A:$A=$C27, '製造效能'!$D:$D=$M27, '製造效能'!$E:$E=""攪料""), 1), INDEX(FILTER('製造效能'!Q:Q, '製造效能'!$B:$B=$D27, '製造效能'!$D:$D=$M27, '製造效能'!$E:$E=""攪料""), 1))"),"") | AF27: =IFERROR(__xludf.DUMMYFUNCTION("IFERROR(INDEX(FILTER('製造效能'!R:R, '製造效能'!$A:$A=$C27, '製造效能'!$D:$D=$M27, '製造效能'!$E:$E=""攪料""), 1), INDEX(FILTER('製造效能'!R:R, '製造效能'!$B:$B=$D27, '製造效能'!$D:$D=$M27, '製造效能'!$E:$E=""攪料""), 1))"),"") | AG27: =IFERROR(__xludf.DUMMYFUNCTION("IFERROR(INDEX(FILTER('製造效能'!S:S, '製造效能'!$A:$A=$C27, '製造效能'!$D:$D=$M27, '製造效能'!$E:$E=""攪料""), 1), INDEX(FILTER('製造效能'!S:S, '製造效能'!$B:$B=$D27, '製造效能'!$D:$D=$M27, '製造效能'!$E:$E=""攪料""), 1))"),1) -> 1 | AH27: =IFERROR(__xludf.DUMMYFUNCTION("IFERROR(INDEX(FILTER('製造效能'!T:T, '製造效能'!$A:$A=$C27, '製造效能'!$D:$D=$M27, '製造效能'!$E:$E=""攪料""), 1), INDEX(FILTER('製造效能'!T:T, '製造效能'!$B:$B=$D27, '製造效能'!$D:$D=$M27, '製造效能'!$E:$E=""攪料""), 1))"),"") | AI27: =IFERROR(__xludf.DUMMYFUNCTION("IFERROR(INDEX(FILTER('製造效能'!U:U, '製造效能'!$A:$A=$C27, '製造效能'!$D:$D=$M27, '製造效能'!$E:$E=""攪料""), 1), INDEX(FILTER('製造效能'!U:U, '製造效能'!$B:$B=$D27, '製造效能'!$D:$D=$M27, '製造效能'!$E:$E=""攪料""), 1))"),"") | AJ27: =IFERROR(__xludf.DUMMYFUNCTION("IFERROR(INDEX(FILTER('製造效能'!V:V, '製造效能'!$A:$A=$C27, '製造效能'!$D:$D=$M27, '製造效能'!$E:$E=""攪料""), 1), INDEX(FILTER('製造效能'!V:V, '製造效能'!$B:$B=$D27, '製造效能'!$D:$D=$M27, '製造效能'!$E:$E=""攪料""), 1))"),"") | AK27: =COUNTIF(充填效能!$A:$A, $C27) -> 2 | AL27: =IFERROR(__xludf.DUMMYFUNCTION("IFERROR(INDEX(FILTER('充填效能'!$Q$2:$Q$1088, '充填效能'!$A$2:$A$1088=$C27, '充填效能'!$D$2:$D$1088=""排瓶""), 1), 0)"),"1600") -> 1600 | AM27: =IFERROR(__xludf.DUMMYFUNCTION("IFERROR(INDEX(FILTER('充填效能'!$R$2:$R$1088, '充填效能'!$A$2:$A$1088=$C27, '充填效能'!$D$2:$D$1088=""排瓶""), 1), 0)"),1) -> 1 | AN27: =IF(AL27=0, 0, $F27/AL27) -> 6.25 | AO27: =IFERROR(__xludf.DUMMYFUNCTION("IFERROR(INDEX(FILTER('充填效能'!$Q$2:$Q$1088, '充填效能'!$A$2:$A$1088=$C27, '充填效能'!$D$2:$D$1088=""充填""), 1), 0)"),"1000") -> 1000 | AP27: =IFERROR(__xludf.DUMMYFUNCTION("IFERROR(INDEX(FILTER('充填效能'!$R$2:$R$1088, '充填效能'!$A$2:$A$1088=$C27, '充填效能'!$D$2:$D$1088=""充填""), 1), 0)"),4) -> 4 | AQ27: =IF(AO27=0, 0, $F27/AO27) -> 10 | AR27: =AP27*AQ27 -> 40
A28: 2201-23031700002-0001 | B28: =DATE(2000 + MID(A28, 6, 2), MID(A28, 8, 2), MID(A28, 10, 2)) -> 45002 | C28: PN1CAE1D1N | D28: =MID(C28, 2, 6) -> N1CAE1 | E28: 積雪草B5修護純粹凝乳 | F28: 3100 | G28: 45061 | H28: 45054 | I28: 44973 | J28: 45044 | L28: =IFERROR(__xludf.DUMMYFUNCTION("TEXTJOIN("", "", TRUE, UNIQUE(FILTER('製造效能'!$D$2:$D$1732, '製造效能'!$B$2:$B$1732 = D28)))"),"精") -> 精 | M28: =IFERROR(__xludf.DUMMYFUNCTION("INDEX(UNIQUE(FILTER('製造效能'!$D$2:$D$1732, ('製造效能'!$B$2:$B$1732 = D28) * ('製造效能'!$J$2:$J$1732 = MAXIFS('製造效能'!$J$2:$J$1732, '製造效能'!$B$2:$B$1732, D28)))), 1) "),"精") -> 精 | N28: =IFERROR(__xludf.DUMMYFUNCTION("TEXTJOIN("", "", TRUE, UNIQUE(FILTER('製造效能'!$K$2:$K$1732, '製造效能'!$B$2:$B$1732 = D28)))"),"水項") -> 水項 | O28: =IFERROR(__xludf.DUMMYFUNCTION("IFERROR(INDEX(FILTER('充填效能'!I$2:I$1088, '充填效能'!$A$2:$A$1088=$C28, '充填效能'!$D$2:$D$1088=""充填""), 1), 0)"),15) -> 15 | P28: =IFERROR(__xludf.DUMMYFUNCTION("IFERROR(INDEX(FILTER('充填效能'!J$2:J$1088, '充填效能'!$A$2:$A$1088=$C28, '充填效能'!$D$2:$D$1088=""充填""), 1), 0)"),"") | Q28: =IFERROR(__xludf.DUMMYFUNCTION("IFERROR(INDEX(FILTER('充填效能'!K$2:K$1088, '充填效能'!$A$2:$A$1088=$C28, '充填效能'!$D$2:$D$1088=""充填""), 1), 0)"),"") | R28: =IFERROR(__xludf.DUMMYFUNCTION("IFERROR(INDEX(FILTER('充填效能'!L$2:L$1088, '充填效能'!$A$2:$A$1088=$C28, '充填效能'!$D$2:$D$1088=""充填""), 1), 0)"),"") | S28: =COUNTIFS(製造效能!B:B, $D28,製造效能!D:D,M28) -> 2 | T28: =IFERROR(__xludf.DUMMYFUNCTION("VALUE(REGEXEXTRACT(TO_TEXT(O28), ""\d*\.?\d+""))"),15) -> 15 | U28: =F28*T28*1.015 -> 47197.5 | V28: =IFERROR(__xludf.DUMMYFUNCTION("IFERROR(INDEX(FILTER('製造效能'!J:J, '製造效能'!A:A=$C28, '製造效能'!D:D=M28, '製造效能'!E:E=""攪料""), 1), INDEX(FILTER('製造效能'!J:J, '製造效能'!B:B=$D28, '製造效能'!D:D=M28, '製造效能'!E:E=""攪料""), 1))"),81) -> 81 | W28: =IFERROR(__xludf.DUMMYFUNCTION("IFERROR(INDEX(FILTER('製造效能'!G:G, '製造效能'!A:A=$C28, '製造效能'!D:D=M28, '製造效能'!E:E=""攪料""), 1), INDEX(FILTER('製造效能'!G:G, '製造效能'!B:B=$D28, '製造效能'!D:D=M28, '製造效能'!E:E=""攪料""), 1))"),90) -> 90 | X28: =ROUNDUP(U28/1000/V28,0) -> 1 | Y28: =W28*X28 -> 90 | Z28: =IFERROR(__xludf.DUMMYFUNCTION("IFERROR(IFERROR(INDEX(FILTER('製造效能'!G:G, '製造效能'!A:A=$C28, '製造效能'!D:D=M28, '製造效能'!E:E=""預攪""), 1), INDEX(FILTER('製造效能'!G:G, '製造效能'!B:B=$D28, '製造效能'!D:D=M28, '製造效能'!E:E=""預攪""), 1)), 0)"),0) -> 0 | AA28: =IFERROR(__xludf.DUMMYFUNCTION("IFERROR(INDEX(FILTER('製造效能'!G:G, '製造效能'!A:A=$C28, '製造效能'!D:D=M28, '製造效能'!E:E=""清洗""), 1), INDEX(FILTER('製造效能'!G:G, '製造效能'!B:B=$D28, '製造效能'!D:D=M28, '製造效能'!E:E=""清洗""), 1))"),15) -> 15 | AB28: =IFERROR(__xludf.DUMMYFUNCTION("IFERROR(INDEX(FILTER('製造效能'!N:N, '製造效能'!$A:$A=$C28, '製造效能'!$D:$D=$M28, '製造效能'!$E:$E=""攪料""), 1), INDEX(FILTER('製造效能'!N:N, '製造效能'!$B:$B=$D28, '製造效能'!$D:$D=$M28, '製造效能'!$E:$E=""攪料""), 1))"),"") | AC28: =IFERROR(__xludf.DUMMYFUNCTION("IFERROR(INDEX(FILTER('製造效能'!O:O, '製造效能'!$A:$A=$C28, '製造效能'!$D:$D=$M28, '製造效能'!$E:$E=""攪料""), 1), INDEX(FILTER('製造效能'!O:O, '製造效能'!$B:$B=$D28, '製造效能'!$D:$D=$M28, '製造效能'!$E:$E=""攪料""), 1))"),1) -> 1 | AD28: =IFERROR(__xludf.DUMMYFUNCTION("IFERROR(INDEX(FILTER('製造效能'!P:P, '製造效能'!$A:$A=$C28, '製造效能'!$D:$D=$M28, '製造效能'!$E:$E=""攪料""), 1), INDEX(FILTER('製造效能'!P:P, '製造效能'!$B:$B=$D28, '製造效能'!$D:$D=$M28, '製造效能'!$E:$E=""攪料""), 1))"),"") | AE28: =IFERROR(__xludf.DUMMYFUNCTION("IFERROR(INDEX(FILTER('製造效能'!Q:Q, '製造效能'!$A:$A=$C28, '製造效能'!$D:$D=$M28, '製造效能'!$E:$E=""攪料""), 1), INDEX(FILTER('製造效能'!Q:Q, '製造效能'!$B:$B=$D28, '製造效能'!$D:$D=$M28, '製造效能'!$E:$E=""攪料""), 1))"),"") | AF28: =IFERROR(__xludf.DUMMYFUNCTION("IFERROR(INDEX(FILTER('製造效能'!R:R, '製造效能'!$A:$A=$C28, '製造效能'!$D:$D=$M28, '製造效能'!$E:$E=""攪料""), 1), INDEX(FILTER('製造效能'!R:R, '製造效能'!$B:$B=$D28, '製造效能'!$D:$D=$M28, '製造效能'!$E:$E=""攪料""), 1))"),"") | AG28: =IFERROR(__xludf.DUMMYFUNCTION("IFERROR(INDEX(FILTER('製造效能'!S:S, '製造效能'!$A:$A=$C28, '製造效能'!$D:$D=$M28, '製造效能'!$E:$E=""攪料""), 1), INDEX(FILTER('製造效能'!S:S, '製造效能'!$B:$B=$D28, '製造效能'!$D:$D=$M28, '製造效能'!$E:$E=""攪料""), 1))"),"") | AH28: =IFERROR(__xludf.DUMMYFUNCTION("IFERROR(INDEX(FILTER('製造效能'!T:T, '製造效能'!$A:$A=$C28, '製造效能'!$D:$D=$M28, '製造效能'!$E:$E=""攪料""), 1), INDEX(FILTER('製造效能'!T:T, '製造效能'!$B:$B=$D28, '製造效能'!$D:$D=$M28, '製造效能'!$E:$E=""攪料""), 1))"),"") | AI28: =IFERROR(__xludf.DUMMYFUNCTION("IFERROR(INDEX(FILTER('製造效能'!U:U, '製造效能'!$A:$A=$C28, '製造效能'!$D:$D=$M28, '製造效能'!$E:$E=""攪料""), 1), INDEX(FILTER('製造效能'!U:U, '製造效能'!$B:$B=$D28, '製造效能'!$D:$D=$M28, '製造效能'!$E:$E=""攪料""), 1))"),"") | AJ28: =IFERROR(__xludf.DUMMYFUNCTION("IFERROR(INDEX(FILTER('製造效能'!V:V, '製造效能'!$A:$A=$C28, '製造效能'!$D:$D=$M28, '製造效能'!$E:$E=""攪料""), 1), INDEX(FILTER('製造效能'!V:V, '製造效能'!$B:$B=$D28, '製造效能'!$D:$D=$M28, '製造效能'!$E:$E=""攪料""), 1))"),"") | AK28: =COUNTIF(充填效能!$A:$A, $C28) -> 1 | AL28: =IFERROR(__xludf.DUMMYFUNCTION("IFERROR(INDEX(FILTER('充填效能'!$Q$2:$Q$1088, '充填效能'!$A$2:$A$1088=$C28, '充填效能'!$D$2:$D$1088=""排瓶""), 1), 0)"),0) -> 0 | AM28: =IFERROR(__xludf.DUMMYFUNCTION("IFERROR(INDEX(FILTER('充填效能'!$R$2:$R$1088, '充填效能'!$A$2:$A$1088=$C28, '充填效能'!$D$2:$D$1088=""排瓶""), 1), 0)"),0) -> 0 | AN28: =IF(AL28=0, 0, $F28/AL28) -> 0 | AO28: =IFERROR(__xludf.DUMMYFUNCTION("IFERROR(INDEX(FILTER('充填效能'!$Q$2:$Q$1088, '充填效能'!$A$2:$A$1088=$C28, '充填效能'!$D$2:$D$1088=""充填""), 1), 0)"),"1000") -> 1000 | AP28: =IFERROR(__xludf.DUMMYFUNCTION("IFERROR(INDEX(FILTER('充填效能'!$R$2:$R$1088, '充填效能'!$A$2:$A$1088=$C28, '充填效能'!$D$2:$D$1088=""充填""), 1), 0)"),4) -> 4 | AQ28: =IF(AO28=0, 0, $F28/AO28) -> 3.1 | AR28: =AP28*AQ28 -> 12.4
A29: 2201-23031700001-0001 | B29: =DATE(2000 + MID(A29, 6, 2), MID(A29, 8, 2), MID(A29, 10, 2)) -> 45002 | C29: MDC23G241P | D29: =MID(C29, 2, 6) -> DC23G2 | E29: 空中補給保濕面膜28ml | F29: 1250 | G29: 45062 | H29: 45055 | I29: 45016 | J29: 45044 | K29: 4pcs/盒 | L29: =IFERROR(__xludf.DUMMYFUNCTION("TEXTJOIN("", "", TRUE, UNIQUE(FILTER('製造效能'!$D$2:$D$1732, '製造效能'!$B$2:$B$1732 = D29)))"),"大") -> 大 | M29: =IFERROR(__xludf.DUMMYFUNCTION("INDEX(UNIQUE(FILTER('製造效能'!$D$2:$D$1732, ('製造效能'!$B$2:$B$1732 = D29) * ('製造效能'!$J$2:$J$1732 = MAXIFS('製造效能'!$J$2:$J$1732, '製造效能'!$B$2:$B$1732, D29)))), 1) "),"大") -> 大 | N29: =IFERROR(__xludf.DUMMYFUNCTION("TEXTJOIN("", "", TRUE, UNIQUE(FILTER('製造效能'!$K$2:$K$1732, '製造效能'!$B$2:$B$1732 = D29)))"),"水項") -> 水項 | O29: =IFERROR(__xludf.DUMMYFUNCTION("IFERROR(INDEX(FILTER('充填效能'!I$2:I$1088, '充填效能'!$A$2:$A$1088=$C29, '充填效能'!$D$2:$D$1088=""充填""), 1), 0)"),28.3) -> 28.3 | P29: =IFERROR(__xludf.DUMMYFUNCTION("IFERROR(INDEX(FILTER('充填效能'!J$2:J$1088, '充填效能'!$A$2:$A$1088=$C29, '充填效能'!$D$2:$D$1088=""充填""), 1), 0)"),"") | Q29: =IFERROR(__xludf.DUMMYFUNCTION("IFERROR(INDEX(FILTER('充填效能'!K$2:K$1088, '充填效能'!$A$2:$A$1088=$C29, '充填效能'!$D$2:$D$1088=""充填""), 1), 0)"),"") | R29: =IFERROR(__xludf.DUMMYFUNCTION("IFERROR(INDEX(FILTER('充填效能'!L$2:L$1088, '充填效能'!$A$2:$A$1088=$C29, '充填效能'!$D$2:$D$1088=""充填""), 1), 0)"),"") | S29: =COUNTIFS(製造效能!B:B, $D29,製造效能!D:D,M29) -> 3 | T29: =IFERROR(__xludf.DUMMYFUNCTION("VALUE(REGEXEXTRACT(TO_TEXT(O29), ""\d*\.?\d+""))"),28.3) -> 28.3 | U29: =F29*T29*1.015 -> 35905.625 | V29: =IFERROR(__xludf.DUMMYFUNCTION("IFERROR(INDEX(FILTER('製造效能'!J:J, '製造效能'!A:A=$C29, '製造效能'!D:D=M29, '製造效能'!E:E=""攪料""), 1), INDEX(FILTER('製造效能'!J:J, '製造效能'!B:B=$D29, '製造效能'!D:D=M29, '製造效能'!E:E=""攪料""), 1))"),412) -> 412 | W29: =IFERROR(__xludf.DUMMYFUNCTION("IFERROR(INDEX(FILTER('製造效能'!G:G, '製造效能'!A:A=$C29, '製造效能'!D:D=M29, '製造效能'!E:E=""攪料""), 1), INDEX(FILTER('製造效能'!G:G, '製造效能'!B:B=$D29, '製造效能'!D:D=M29, '製造效能'!E:E=""攪料""), 1))"),120) -> 120 | X29: =ROUNDUP(U29/1000/V29,0) -> 1 | Y29: =W29*X29 -> 120 | Z29: =IFERROR(__xludf.DUMMYFUNCTION("IFERROR(IFERROR(INDEX(FILTER('製造效能'!G:G, '製造效能'!A:A=$C29, '製造效能'!D:D=M29, '製造效能'!E:E=""預攪""), 1), INDEX(FILTER('製造效能'!G:G, '製造效能'!B:B=$D29, '製造效能'!D:D=M29, '製造效能'!E:E=""預攪""), 1)), 0)"),25) -> 25 | AA29: =IFERROR(__xludf.DUMMYFUNCTION("IFERROR(INDEX(FILTER('製造效能'!G:G, '製造效能'!A:A=$C29, '製造效能'!D:D=M29, '製造效能'!E:E=""清洗""), 1), INDEX(FILTER('製造效能'!G:G, '製造效能'!B:B=$D29, '製造效能'!D:D=M29, '製造效能'!E:E=""清洗""), 1))"),30) -> 30 | AB29: =IFERROR(__xludf.DUMMYFUNCTION("IFERROR(INDEX(FILTER('製造效能'!N:N, '製造效能'!$A:$A=$C29, '製造效能'!$D:$D=$M29, '製造效能'!$E:$E=""攪料""), 1), INDEX(FILTER('製造效能'!N:N, '製造效能'!$B:$B=$D29, '製造效能'!$D:$D=$M29, '製造效能'!$E:$E=""攪料""), 1))"),"") | AC29: =IFERROR(__xludf.DUMMYFUNCTION("IFERROR(INDEX(FILTER('製造效能'!O:O, '製造效能'!$A:$A=$C29, '製造效能'!$D:$D=$M29, '製造效能'!$E:$E=""攪料""), 1), INDEX(FILTER('製造效能'!O:O, '製造效能'!$B:$B=$D29, '製造效能'!$D:$D=$M29, '製造效能'!$E:$E=""攪料""), 1))"),"") | AD29: =IFERROR(__xludf.DUMMYFUNCTION("IFERROR(INDEX(FILTER('製造效能'!P:P, '製造效能'!$A:$A=$C29, '製造效能'!$D:$D=$M29, '製造效能'!$E:$E=""攪料""), 1), INDEX(FILTER('製造效能'!P:P, '製造效能'!$B:$B=$D29, '製造效能'!$D:$D=$M29, '製造效能'!$E:$E=""攪料""), 1))"),"") | AE29: =IFERROR(__xludf.DUMMYFUNCTION("IFERROR(INDEX(FILTER('製造效能'!Q:Q, '製造效能'!$A:$A=$C29, '製造效能'!$D:$D=$M29, '製造效能'!$E:$E=""攪料""), 1), INDEX(FILTER('製造效能'!Q:Q, '製造效能'!$B:$B=$D29, '製造效能'!$D:$D=$M29, '製造效能'!$E:$E=""攪料""), 1))"),"") | AF29: =IFERROR(__xludf.DUMMYFUNCTION("IFERROR(INDEX(FILTER('製造效能'!R:R, '製造效能'!$A:$A=$C29, '製造效能'!$D:$D=$M29, '製造效能'!$E:$E=""攪料""), 1), INDEX(FILTER('製造效能'!R:R, '製造效能'!$B:$B=$D29, '製造效能'!$D:$D=$M29, '製造效能'!$E:$E=""攪料""), 1))"),"") | AG29: =IFERROR(__xludf.DUMMYFUNCTION("IFERROR(INDEX(FILTER('製造效能'!S:S, '製造效能'!$A:$A=$C29, '製造效能'!$D:$D=$M29, '製造效能'!$E:$E=""攪料""), 1), INDEX(FILTER('製造效能'!S:S, '製造效能'!$B:$B=$D29, '製造效能'!$D:$D=$M29, '製造效能'!$E:$E=""攪料""), 1))"),1) -> 1 | AH29: =IFERROR(__xludf.DUMMYFUNCTION("IFERROR(INDEX(FILTER('製造效能'!T:T, '製造效能'!$A:$A=$C29, '製造效能'!$D:$D=$M29, '製造效能'!$E:$E=""攪料""), 1), INDEX(FILTER('製造效能'!T:T, '製造效能'!$B:$B=$D29, '製造效能'!$D:$D=$M29, '製造效能'!$E:$E=""攪料""), 1))"),"") | AI29: =IFERROR(__xludf.DUMMYFUNCTION("IFERROR(INDEX(FILTER('製造效能'!U:U, '製造效能'!$A:$A=$C29, '製造效能'!$D:$D=$M29, '製造效能'!$E:$E=""攪料""), 1), INDEX(FILTER('製造效能'!U:U, '製造效能'!$B:$B=$D29, '製造效能'!$D:$D=$M29, '製造效能'!$E:$E=""攪料""), 1))"),"") | AJ29: =IFERROR(__xludf.DUMMYFUNCTION("IFERROR(INDEX(FILTER('製造效能'!V:V, '製造效能'!$A:$A=$C29, '製造效能'!$D:$D=$M29, '製造效能'!$E:$E=""攪料""), 1), INDEX(FILTER('製造效能'!V:V, '製造效能'!$B:$B=$D29, '製造效能'!$D:$D=$M29, '製造效能'!$E:$E=""攪料""), 1))"),"") | AK29: =COUNTIF(充填效能!$A:$A, $C29) -> 1 | AL29: =IFERROR(__xludf.DUMMYFUNCTION("IFERROR(INDEX(FILTER('充填效能'!$Q$2:$Q$1088, '充填效能'!$A$2:$A$1088=$C29, '充填效能'!$D$2:$D$1088=""排瓶""), 1), 0)"),0) -> 0 | AM29: =IFERROR(__xludf.DUMMYFUNCTION("IFERROR(INDEX(FILTER('充填效能'!$R$2:$R$1088, '充填效能'!$A$2:$A$1088=$C29, '充填效能'!$D$2:$D$1088=""排瓶""), 1), 0)"),0) -> 0 | AN29: =IF(AL29=0, 0, $F29/AL29) -> 0 | AO29: =IFERROR(__xludf.DUMMYFUNCTION("IFERROR(INDEX(FILTER('充填效能'!$Q$2:$Q$1088, '充填效能'!$A$2:$A$1088=$C29, '充填效能'!$D$2:$D$1088=""充填""), 1), 0)"),"1000") -> 1000 | AP29: =IFERROR(__xludf.DUMMYFUNCTION("IFERROR(INDEX(FILTER('充填效能'!$R$2:$R$1088, '充填效能'!$A$2:$A$1088=$C29, '充填效能'!$D$2:$D$1088=""充填""), 1), 0)"),3) -> 3 | AQ29: =IF(AO29=0, 0, $F29/AO29) -> 1.25 | AR29: =AP29*AQ29 -> 3.75
A30: 2201-23041800001-0002 | B30: =DATE(2000 + MID(A30, 6, 2), MID(A30, 8, 2), MID(A30, 10, 2)) -> 45034 | C30: PN1RED1F1P | D30: =MID(C30, 2, 6) -> N1RED1 | E30: 1%全效新生A醇精萃30ml | F30: 10000 | G30: 45065 | H30: 45055 | I30: 45028 | J30: 45037 | L30: =IFERROR(__xludf.DUMMYFUNCTION("TEXTJOIN("", "", TRUE, UNIQUE(FILTER('製造效能'!$D$2:$D$1732, '製造效能'!$B$2:$B$1732 = D30)))"),"精") -> 精 | M30: =IFERROR(__xludf.DUMMYFUNCTION("INDEX(UNIQUE(FILTER('製造效能'!$D$2:$D$1732, ('製造效能'!$B$2:$B$1732 = D30) * ('製造效能'!$J$2:$J$1732 = MAXIFS('製造效能'!$J$2:$J$1732, '製造效能'!$B$2:$B$1732, D30)))), 1) "),"精") -> 精 | N30: =IFERROR(__xludf.DUMMYFUNCTION("TEXTJOIN("", "", TRUE, UNIQUE(FILTER('製造效能'!$K$2:$K$1732, '製造效能'!$B$2:$B$1732 = D30)))"),"水項") -> 水項 | O30: =IFERROR(__xludf.DUMMYFUNCTION("IFERROR(INDEX(FILTER('充填效能'!I$2:I$1088, '充填效能'!$A$2:$A$1088=$C30, '充填效能'!$D$2:$D$1088=""充填""), 1), 0)"),30.2) -> 30.2 | P30: =IFERROR(__xludf.DUMMYFUNCTION("IFERROR(INDEX(FILTER('充填效能'!J$2:J$1088, '充填效能'!$A$2:$A$1088=$C30, '充填效能'!$D$2:$D$1088=""充填""), 1), 0)"),"") | Q30: =IFERROR(__xludf.DUMMYFUNCTION("IFERROR(INDEX(FILTER('充填效能'!K$2:K$1088, '充填效能'!$A$2:$A$1088=$C30, '充填效能'!$D$2:$D$1088=""充填""), 1), 0)"),"") | R30: =IFERROR(__xludf.DUMMYFUNCTION("IFERROR(INDEX(FILTER('充填效能'!L$2:L$1088, '充填效能'!$A$2:$A$1088=$C30, '充填效能'!$D$2:$D$1088=""充填""), 1), 0)"),"") | S30: =COUNTIFS(製造效能!B:B, $D30,製造效能!D:D,M30) -> 3 | T30: =IFERROR(__xludf.DUMMYFUNCTION("VALUE(REGEXEXTRACT(TO_TEXT(O30), ""\d*\.?\d+""))"),30.2) -> 30.2 | U30: =F30*T30*1.015 -> 306530 | V30: =IFERROR(__xludf.DUMMYFUNCTION("IFERROR(INDEX(FILTER('製造效能'!J:J, '製造效能'!A:A=$C30, '製造效能'!D:D=M30, '製造效能'!E:E=""攪料""), 1), INDEX(FILTER('製造效能'!J:J, '製造效能'!B:B=$D30, '製造效能'!D:D=M30, '製造效能'!E:E=""攪料""), 1))"),103) -> 103 | W30: =IFERROR(__xludf.DUMMYFUNCTION("IFERROR(INDEX(FILTER('製造效能'!G:G, '製造效能'!A:A=$C30, '製造效能'!D:D=M30, '製造效能'!E:E=""攪料""), 1), INDEX(FILTER('製造效能'!G:G, '製造效能'!B:B=$D30, '製造效能'!D:D=M30, '製造效能'!E:E=""攪料""), 1))"),110) -> 110 | X30: =ROUNDUP(U30/1000/V30,0) -> 3 | Y30: =W30*X30 -> 330 | Z30: =IFERROR(__xludf.DUMMYFUNCTION("IFERROR(IFERROR(INDEX(FILTER('製造效能'!G:G, '製造效能'!A:A=$C30, '製造效能'!D:D=M30, '製造效能'!E:E=""預攪""), 1), INDEX(FILTER('製造效能'!G:G, '製造效能'!B:B=$D30, '製造效能'!D:D=M30, '製造效能'!E:E=""預攪""), 1)), 0)"),25) -> 25 | AA30: =IFERROR(__xludf.DUMMYFUNCTION("IFERROR(INDEX(FILTER('製造效能'!G:G, '製造效能'!A:A=$C30, '製造效能'!D:D=M30, '製造效能'!E:E=""清洗""), 1), INDEX(FILTER('製造效能'!G:G, '製造效能'!B:B=$D30, '製造效能'!D:D=M30, '製造效能'!E:E=""清洗""), 1))"),20) -> 20 | AB30: =IFERROR(__xludf.DUMMYFUNCTION("IFERROR(INDEX(FILTER('製造效能'!N:N, '製造效能'!$A:$A=$C30, '製造效能'!$D:$D=$M30, '製造效能'!$E:$E=""攪料""), 1), INDEX(FILTER('製造效能'!N:N, '製造效能'!$B:$B=$D30, '製造效能'!$D:$D=$M30, '製造效能'!$E:$E=""攪料""), 1))"),"") | AC30: =IFERROR(__xludf.DUMMYFUNCTION("IFERROR(INDEX(FILTER('製造效能'!O:O, '製造效能'!$A:$A=$C30, '製造效能'!$D:$D=$M30, '製造效能'!$E:$E=""攪料""), 1), INDEX(FILTER('製造效能'!O:O, '製造效能'!$B:$B=$D30, '製造效能'!$D:$D=$M30, '製造效能'!$E:$E=""攪料""), 1))"),1) -> 1 | AD30: =IFERROR(__xludf.DUMMYFUNCTION("IFERROR(INDEX(FILTER('製造效能'!P:P, '製造效能'!$A:$A=$C30, '製造效能'!$D:$D=$M30, '製造效能'!$E:$E=""攪料""), 1), INDEX(FILTER('製造效能'!P:P, '製造效能'!$B:$B=$D30, '製造效能'!$D:$D=$M30, '製造效能'!$E:$E=""攪料""), 1))"),"") | AE30: =IFERROR(__xludf.DUMMYFUNCTION("IFERROR(INDEX(FILTER('製造效能'!Q:Q, '製造效能'!$A:$A=$C30, '製造效能'!$D:$D=$M30, '製造效能'!$E:$E=""攪料""), 1), INDEX(FILTER('製造效能'!Q:Q, '製造效能'!$B:$B=$D30, '製造效能'!$D:$D=$M30, '製造效能'!$E:$E=""攪料""), 1))"),"") | AF30: =IFERROR(__xludf.DUMMYFUNCTION("IFERROR(INDEX(FILTER('製造效能'!R:R, '製造效能'!$A:$A=$C30, '製造效能'!$D:$D=$M30, '製造效能'!$E:$E=""攪料""), 1), INDEX(FILTER('製造效能'!R:R, '製造效能'!$B:$B=$D30, '製造效能'!$D:$D=$M30, '製造效能'!$E:$E=""攪料""), 1))"),"") | AG30: =IFERROR(__xludf.DUMMYFUNCTION("IFERROR(INDEX(FILTER('製造效能'!S:S, '製造效能'!$A:$A=$C30, '製造效能'!$D:$D=$M30, '製造效能'!$E:$E=""攪料""), 1), INDEX(FILTER('製造效能'!S:S, '製造效能'!$B:$B=$D30, '製造效能'!$D:$D=$M30, '製造效能'!$E:$E=""攪料""), 1))"),"") | AH30: =IFERROR(__xludf.DUMMYFUNCTION("IFERROR(INDEX(FILTER('製造效能'!T:T, '製造效能'!$A:$A=$C30, '製造效能'!$D:$D=$M30, '製造效能'!$E:$E=""攪料""), 1), INDEX(FILTER('製造效能'!T:T, '製造效能'!$B:$B=$D30, '製造效能'!$D:$D=$M30, '製造效能'!$E:$E=""攪料""), 1))"),"") | AI30: =IFERROR(__xludf.DUMMYFUNCTION("IFERROR(INDEX(FILTER('製造效能'!U:U, '製造效能'!$A:$A=$C30, '製造效能'!$D:$D=$M30, '製造效能'!$E:$E=""攪料""), 1), INDEX(FILTER('製造效能'!U:U, '製造效能'!$B:$B=$D30, '製造效能'!$D:$D=$M30, '製造效能'!$E:$E=""攪料""), 1))"),"") | AJ30: =IFERROR(__xludf.DUMMYFUNCTION("IFERROR(INDEX(FILTER('製造效能'!V:V, '製造效能'!$A:$A=$C30, '製造效能'!$D:$D=$M30, '製造效能'!$E:$E=""攪料""), 1), INDEX(FILTER('製造效能'!V:V, '製造效能'!$B:$B=$D30, '製造效能'!$D:$D=$M30, '製造效能'!$E:$E=""攪料""), 1))"),"") | AK30: =COUNTIF(充填效能!$A:$A, $C30) -> 2 | AL30: =IFERROR(__xludf.DUMMYFUNCTION("IFERROR(INDEX(FILTER('充填效能'!$Q$2:$Q$1088, '充填效能'!$A$2:$A$1088=$C30, '充填效能'!$D$2:$D$1088=""排瓶""), 1), 0)"),"1600") -> 1600 | AM30: =IFERROR(__xludf.DUMMYFUNCTION("IFERROR(INDEX(FILTER('充填效能'!$R$2:$R$1088, '充填效能'!$A$2:$A$1088=$C30, '充填效能'!$D$2:$D$1088=""排瓶""), 1), 0)"),1) -> 1 | AN30: =IF(AL30=0, 0, $F30/AL30) -> 6.25 | AO30: =IFERROR(__xludf.DUMMYFUNCTION("IFERROR(INDEX(FILTER('充填效能'!$Q$2:$Q$1088, '充填效能'!$A$2:$A$1088=$C30, '充填效能'!$D$2:$D$1088=""充填""), 1), 0)"),"1100") -> 1100 | AP30: =IFERROR(__xludf.DUMMYFUNCTION("IFERROR(INDEX(FILTER('充填效能'!$R$2:$R$1088, '充填效能'!$A$2:$A$1088=$C30, '充填效能'!$D$2:$D$1088=""充填""), 1), 0)"),4) -> 4 | AQ30: =IF(AO30=0, 0, $F30/AO30) -> 9.0909091 | AR30: =AP30*AQ30 -> 36.363636
A31: 2201-23040700002-0003 | B31: =DATE(2000 + MID(A31, 6, 2), MID(A31, 8, 2), MID(A31, 10, 2)) -> 45023 | C31: MBY23D1F1P | D31: =MID(C31, 2, 6) -> BY23D1 | E31: BB 10%維他命C淨白精華 30ML | F31: 3000 | G31: 45068 | H31: 45056 | I31: 45027 | J31: 45027 | L31: =IFERROR(__xludf.DUMMYFUNCTION("TEXTJOIN("", "", TRUE, UNIQUE(FILTER('製造效能'!$D$2:$D$1732, '製造效能'!$B$2:$B$1732 = D31)))"),"精") -> 精 | M31: =IFERROR(__xludf.DUMMYFUNCTION("INDEX(UNIQUE(FILTER('製造效能'!$D$2:$D$1732, ('製造效能'!$B$2:$B$1732 = D31) * ('製造效能'!$J$2:$J$1732 = MAXIFS('製造效能'!$J$2:$J$1732, '製造效能'!$B$2:$B$1732, D31)))), 1) "),"精") -> 精 | N31: =IFERROR(__xludf.DUMMYFUNCTION("TEXTJOIN("", "", TRUE, UNIQUE(FILTER('製造效能'!$K$2:$K$1732, '製造效能'!$B$2:$B$1732 = D31)))"),"水項") -> 水項 | O31: =IFERROR(__xludf.DUMMYFUNCTION("IFERROR(INDEX(FILTER('充填效能'!I$2:I$1088, '充填效能'!$A$2:$A$1088=$C31, '充填效能'!$D$2:$D$1088=""充填""), 1), 0)"),31.7) -> 31.7 | P31: =IFERROR(__xludf.DUMMYFUNCTION("IFERROR(INDEX(FILTER('充填效能'!J$2:J$1088, '充填效能'!$A$2:$A$1088=$C31, '充填效能'!$D$2:$D$1088=""充填""), 1), 0)"),"") | Q31: =IFERROR(__xludf.DUMMYFUNCTION("IFERROR(INDEX(FILTER('充填效能'!K$2:K$1088, '充填效能'!$A$2:$A$1088=$C31, '充填效能'!$D$2:$D$1088=""充填""), 1), 0)"),"") | R31: =IFERROR(__xludf.DUMMYFUNCTION("IFERROR(INDEX(FILTER('充填效能'!L$2:L$1088, '充填效能'!$A$2:$A$1088=$C31, '充填效能'!$D$2:$D$1088=""充填""), 1), 0)"),"") | S31: =COUNTIFS(製造效能!B:B, $D31,製造效能!D:D,M31) -> 2 | T31: =IFERROR(__xludf.DUMMYFUNCTION("VALUE(REGEXEXTRACT(TO_TEXT(O31), ""\d*\.?\d+""))"),31.7) -> 31.7 | U31: =F31*T31*1.015 -> 96526.5 | V31: =IFERROR(__xludf.DUMMYFUNCTION("IFERROR(INDEX(FILTER('製造效能'!J:J, '製造效能'!A:A=$C31, '製造效能'!D:D=M31, '製造效能'!E:E=""攪料""), 1), INDEX(FILTER('製造效能'!J:J, '製造效能'!B:B=$D31, '製造效能'!D:D=M31, '製造效能'!E:E=""攪料""), 1))"),100) -> 100 | W31: =IFERROR(__xludf.DUMMYFUNCTION("IFERROR(INDEX(FILTER('製造效能'!G:G, '製造效能'!A:A=$C31, '製造效能'!D:D=M31, '製造效能'!E:E=""攪料""), 1), INDEX(FILTER('製造效能'!G:G, '製造效能'!B:B=$D31, '製造效能'!D:D=M31, '製造效能'!E:E=""攪料""), 1))"),160) -> 160 | X31: =ROUNDUP(U31/1000/V31,0) -> 1 | Y31: =W31*X31 -> 160 | Z31: =IFERROR(__xludf.DUMMYFUNCTION("IFERROR(IFERROR(INDEX(FILTER('製造效能'!G:G, '製造效能'!A:A=$C31, '製造效能'!D:D=M31, '製造效能'!E:E=""預攪""), 1), INDEX(FILTER('製造效能'!G:G, '製造效能'!B:B=$D31, '製造效能'!D:D=M31, '製造效能'!E:E=""預攪""), 1)), 0)"),0) -> 0 | AA31: =IFERROR(__xludf.DUMMYFUNCTION("IFERROR(INDEX(FILTER('製造效能'!G:G, '製造效能'!A:A=$C31, '製造效能'!D:D=M31, '製造效能'!E:E=""清洗""), 1), INDEX(FILTER('製造效能'!G:G, '製造效能'!B:B=$D31, '製造效能'!D:D=M31, '製造效能'!E:E=""清洗""), 1))"),30) -> 30 | AB31: =IFERROR(__xludf.DUMMYFUNCTION("IFERROR(INDEX(FILTER('製造效能'!N:N, '製造效能'!$A:$A=$C31, '製造效能'!$D:$D=$M31, '製造效能'!$E:$E=""攪料""), 1), INDEX(FILTER('製造效能'!N:N, '製造效能'!$B:$B=$D31, '製造效能'!$D:$D=$M31, '製造效能'!$E:$E=""攪料""), 1))"),"") | AC31: =IFERROR(__xludf.DUMMYFUNCTION("IFERROR(INDEX(FILTER('製造效能'!O:O, '製造效能'!$A:$A=$C31, '製造效能'!$D:$D=$M31, '製造效能'!$E:$E=""攪料""), 1), INDEX(FILTER('製造效能'!O:O, '製造效能'!$B:$B=$D31, '製造效能'!$D:$D=$M31, '製造效能'!$E:$E=""攪料""), 1))"),"") | AD31: =IFERROR(__xludf.DUMMYFUNCTION("IFERROR(INDEX(FILTER('製造效能'!P:P, '製造效能'!$A:$A=$C31, '製造效能'!$D:$D=$M31, '製造效能'!$E:$E=""攪料""), 1), INDEX(FILTER('製造效能'!P:P, '製造效能'!$B:$B=$D31, '製造效能'!$D:$D=$M31, '製造效能'!$E:$E=""攪料""), 1))"),"") | AE31: =IFERROR(__xludf.DUMMYFUNCTION("IFERROR(INDEX(FILTER('製造效能'!Q:Q, '製造效能'!$A:$A=$C31, '製造效能'!$D:$D=$M31, '製造效能'!$E:$E=""攪料""), 1), INDEX(FILTER('製造效能'!Q:Q, '製造效能'!$B:$B=$D31, '製造效能'!$D:$D=$M31, '製造效能'!$E:$E=""攪料""), 1))"),"") | AF31: =IFERROR(__xludf.DUMMYFUNCTION("IFERROR(INDEX(FILTER('製造效能'!R:R, '製造效能'!$A:$A=$C31, '製造效能'!$D:$D=$M31, '製造效能'!$E:$E=""攪料""), 1), INDEX(FILTER('製造效能'!R:R, '製造效能'!$B:$B=$D31, '製造效能'!$D:$D=$M31, '製造效能'!$E:$E=""攪料""), 1))"),1) -> 1 | AG31: =IFERROR(__xludf.DUMMYFUNCTION("IFERROR(INDEX(FILTER('製造效能'!S:S, '製造效能'!$A:$A=$C31, '製造效能'!$D:$D=$M31, '製造效能'!$E:$E=""攪料""), 1), INDEX(FILTER('製造效能'!S:S, '製造效能'!$B:$B=$D31, '製造效能'!$D:$D=$M31, '製造效能'!$E:$E=""攪料""), 1))"),"") | AH31: =IFERROR(__xludf.DUMMYFUNCTION("IFERROR(INDEX(FILTER('製造效能'!T:T, '製造效能'!$A:$A=$C31, '製造效能'!$D:$D=$M31, '製造效能'!$E:$E=""攪料""), 1), INDEX(FILTER('製造效能'!T:T, '製造效能'!$B:$B=$D31, '製造效能'!$D:$D=$M31, '製造效能'!$E:$E=""攪料""), 1))"),"") | AI31: =IFERROR(__xludf.DUMMYFUNCTION("IFERROR(INDEX(FILTER('製造效能'!U:U, '製造效能'!$A:$A=$C31, '製造效能'!$D:$D=$M31, '製造效能'!$E:$E=""攪料""), 1), INDEX(FILTER('製造效能'!U:U, '製造效能'!$B:$B=$D31, '製造效能'!$D:$D=$M31, '製造效能'!$E:$E=""攪料""), 1))"),"") | AJ31: =IFERROR(__xludf.DUMMYFUNCTION("IFERROR(INDEX(FILTER('製造效能'!V:V, '製造效能'!$A:$A=$C31, '製造效能'!$D:$D=$M31, '製造效能'!$E:$E=""攪料""), 1), INDEX(FILTER('製造效能'!V:V, '製造效能'!$B:$B=$D31, '製造效能'!$D:$D=$M31, '製造效能'!$E:$E=""攪料""), 1))"),"") | AK31: =COUNTIF(充填效能!$A:$A, $C31) -> 2 | AL31: =IFERROR(__xludf.DUMMYFUNCTION("IFERROR(INDEX(FILTER('充填效能'!$Q$2:$Q$1088, '充填效能'!$A$2:$A$1088=$C31, '充填效能'!$D$2:$D$1088=""排瓶""), 1), 0)"),"660") -> 660 | AM31: =IFERROR(__xludf.DUMMYFUNCTION("IFERROR(INDEX(FILTER('充填效能'!$R$2:$R$1088, '充填效能'!$A$2:$A$1088=$C31, '充填效能'!$D$2:$D$1088=""排瓶""), 1), 0)"),1) -> 1 | AN31: =IF(AL31=0, 0, $F31/AL31) -> 4.5454545 | AO31: =IFERROR(__xludf.DUMMYFUNCTION("IFERROR(INDEX(FILTER('充填效能'!$Q$2:$Q$1088, '充填效能'!$A$2:$A$1088=$C31, '充填效能'!$D$2:$D$1088=""充填""), 1), 0)"),"800") -> 800 | AP31: =IFERROR(__xludf.DUMMYFUNCTION("IFERROR(INDEX(FILTER('充填效能'!$R$2:$R$1088, '充填效能'!$A$2:$A$1088=$C31, '充填效能'!$D$2:$D$1088=""充填""), 1), 0)"),4) -> 4 | AQ31: =IF(AO31=0, 0, $F31/AO31) -> 3.75 | AR31: =AP31*AQ31 -> 15
A32: 2201-23030800001-0001 | B32: =DATE(2000 + MID(A32, 6, 2), MID(A32, 8, 2), MID(A32, 10, 2)) -> 44993 | C32: MBY20F1D1P | D32: =MID(C32, 2, 6) -> BY20F1 | E32: 安瓶EX胜肽緊緻撫紋滾珠眼部精華15ml | F32: 3000 | G32: 45071 | H32: 45058 | I32: 45027 | J32: 45044 | L32: =IFERROR(__xludf.DUMMYFUNCTION("TEXTJOIN("", "", TRUE, UNIQUE(FILTER('製造效能'!$D$2:$D$1732, '製造效能'!$B$2:$B$1732 = D32)))"),"小乳") -> 小乳 | M32: =IFERROR(__xludf.DUMMYFUNCTION("INDEX(UNIQUE(FILTER('製造效能'!$D$2:$D$1732, ('製造效能'!$B$2:$B$1732 = D32) * ('製造效能'!$J$2:$J$1732 = MAXIFS('製造效能'!$J$2:$J$1732, '製造效能'!$B$2:$B$1732, D32)))), 1) "),"小乳") -> 小乳 | N32: =IFERROR(__xludf.DUMMYFUNCTION("TEXTJOIN("", "", TRUE, UNIQUE(FILTER('製造效能'!$K$2:$K$1732, '製造效能'!$B$2:$B$1732 = D32)))"),"乳項") -> 乳項 | P32: =IFERROR(__xludf.DUMMYFUNCTION("IFERROR(INDEX(FILTER('充填效能'!J$2:J$1088, '充填效能'!$A$2:$A$1088=$C32, '充填效能'!$D$2:$D$1088=""充填""), 1), 0)"),"") | Q32: =IFERROR(__xludf.DUMMYFUNCTION("IFERROR(INDEX(FILTER('充填效能'!K$2:K$1088, '充填效能'!$A$2:$A$1088=$C32, '充填效能'!$D$2:$D$1088=""充填""), 1), 0)"),"") | R32: =IFERROR(__xludf.DUMMYFUNCTION("IFERROR(INDEX(FILTER('充填效能'!I$2:I$1088, '充填效能'!$A$2:$A$1088=$C32, '充填效能'!$D$2:$D$1088=""充填""), 1), 0)"),15) -> 15 | S32: =COUNTIFS(製造效能!B:B, $D32,製造效能!D:D,M32) -> 3 | T32: =IFERROR(__xludf.DUMMYFUNCTION("VALUE(REGEXEXTRACT(TO_TEXT(R32), ""\d*\.?\d+""))"),15) -> 15 | U32: =F32*T32*1.015 -> 45675 | V32: =IFERROR(__xludf.DUMMYFUNCTION("IFERROR(INDEX(FILTER('製造效能'!J:J, '製造效能'!A:A=$C32, '製造效能'!D:D=M32, '製造效能'!E:E=""攪料""), 1), INDEX(FILTER('製造效能'!J:J, '製造效能'!B:B=$D32, '製造效能'!D:D=M32, '製造效能'!E:E=""攪料""), 1))"),52) -> 52 | W32: =IFERROR(__xludf.DUMMYFUNCTION("IFERROR(INDEX(FILTER('製造效能'!G:G, '製造效能'!A:A=$C32, '製造效能'!D:D=M32, '製造效能'!E:E=""攪料""), 1), INDEX(FILTER('製造效能'!G:G, '製造效能'!B:B=$D32, '製造效能'!D:D=M32, '製造效能'!E:E=""攪料""), 1))"),160) -> 160 | X32: =ROUNDUP(U32/1000/V32,0) -> 1 | Y32: =W32*X32 -> 160 | Z32: =IFERROR(__xludf.DUMMYFUNCTION("IFERROR(IFERROR(INDEX(FILTER('製造效能'!G:G, '製造效能'!A:A=$C32, '製造效能'!D:D=M32, '製造效能'!E:E=""預攪""), 1), INDEX(FILTER('製造效能'!G:G, '製造效能'!B:B=$D32, '製造效能'!D:D=M32, '製造效能'!E:E=""預攪""), 1)), 0)"),25) -> 25 | AA32: =IFERROR(__xludf.DUMMYFUNCTION("IFERROR(INDEX(FILTER('製造效能'!G:G, '製造效能'!A:A=$C32, '製造效能'!D:D=M32, '製造效能'!E:E=""清洗""), 1), INDEX(FILTER('製造效能'!G:G, '製造效能'!B:B=$D32, '製造效能'!D:D=M32, '製造效能'!E:E=""清洗""), 1))"),40) -> 40 | AB32: =IFERROR(__xludf.DUMMYFUNCTION("IFERROR(INDEX(FILTER('製造效能'!N:N, '製造效能'!$A:$A=$C32, '製造效能'!$D:$D=$M32, '製造效能'!$E:$E=""攪料""), 1), INDEX(FILTER('製造效能'!N:N, '製造效能'!$B:$B=$D32, '製造效能'!$D:$D=$M32, '製造效能'!$E:$E=""攪料""), 1))"),"") | AC32: =IFERROR(__xludf.DUMMYFUNCTION("IFERROR(INDEX(FILTER('製造效能'!O:O, '製造效能'!$A:$A=$C32, '製造效能'!$D:$D=$M32, '製造效能'!$E:$E=""攪料""), 1), INDEX(FILTER('製造效能'!O:O, '製造效能'!$B:$B=$D32, '製造效能'!$D:$D=$M32, '製造效能'!$E:$E=""攪料""), 1))"),"") | AD32: =IFERROR(__xludf.DUMMYFUNCTION("IFERROR(INDEX(FILTER('製造效能'!P:P, '製造效能'!$A:$A=$C32, '製造效能'!$D:$D=$M32, '製造效能'!$E:$E=""攪料""), 1), INDEX(FILTER('製造效能'!P:P, '製造效能'!$B:$B=$D32, '製造效能'!$D:$D=$M32, '製造效能'!$E:$E=""攪料""), 1))"),1) -> 1 | AE32: =IFERROR(__xludf.DUMMYFUNCTION("IFERROR(INDEX(FILTER('製造效能'!Q:Q, '製造效能'!$A:$A=$C32, '製造效能'!$D:$D=$M32, '製造效能'!$E:$E=""攪料""), 1), INDEX(FILTER('製造效能'!Q:Q, '製造效能'!$B:$B=$D32, '製造效能'!$D:$D=$M32, '製造效能'!$E:$E=""攪料""), 1))"),"") | AF32: =IFERROR(__xludf.DUMMYFUNCTION("IFERROR(INDEX(FILTER('製造效能'!R:R, '製造效能'!$A:$A=$C32, '製造效能'!$D:$D=$M32, '製造效能'!$E:$E=""攪料""), 1), INDEX(FILTER('製造效能'!R:R, '製造效能'!$B:$B=$D32, '製造效能'!$D:$D=$M32, '製造效能'!$E:$E=""攪料""), 1))"),"") | AG32: =IFERROR(__xludf.DUMMYFUNCTION("IFERROR(INDEX(FILTER('製造效能'!S:S, '製造效能'!$A:$A=$C32, '製造效能'!$D:$D=$M32, '製造效能'!$E:$E=""攪料""), 1), INDEX(FILTER('製造效能'!S:S, '製造效能'!$B:$B=$D32, '製造效能'!$D:$D=$M32, '製造效能'!$E:$E=""攪料""), 1))"),"") | AH32: =IFERROR(__xludf.DUMMYFUNCTION("IFERROR(INDEX(FILTER('製造效能'!T:T, '製造效能'!$A:$A=$C32, '製造效能'!$D:$D=$M32, '製造效能'!$E:$E=""攪料""), 1), INDEX(FILTER('製造效能'!T:T, '製造效能'!$B:$B=$D32, '製造效能'!$D:$D=$M32, '製造效能'!$E:$E=""攪料""), 1))"),"") | AI32: =IFERROR(__xludf.DUMMYFUNCTION("IFERROR(INDEX(FILTER('製造效能'!U:U, '製造效能'!$A:$A=$C32, '製造效能'!$D:$D=$M32, '製造效能'!$E:$E=""攪料""), 1), INDEX(FILTER('製造效能'!U:U, '製造效能'!$B:$B=$D32, '製造效能'!$D:$D=$M32, '製造效能'!$E:$E=""攪料""), 1))"),"") | AJ32: =IFERROR(__xludf.DUMMYFUNCTION("IFERROR(INDEX(FILTER('製造效能'!V:V, '製造效能'!$A:$A=$C32, '製造效能'!$D:$D=$M32, '製造效能'!$E:$E=""攪料""), 1), INDEX(FILTER('製造效能'!V:V, '製造效能'!$B:$B=$D32, '製造效能'!$D:$D=$M32, '製造效能'!$E:$E=""攪料""), 1))"),"") | AK32: =COUNTIF(充填效能!$A:$A, $C32) -> 2 | AL32: =IFERROR(__xludf.DUMMYFUNCTION("IFERROR(INDEX(FILTER('充填效能'!$Q$2:$Q$1088, '充填效能'!$A$2:$A$1088=$C32, '充填效能'!$D$2:$D$1088=""排瓶""), 1), 0)"),1100) -> 1100 | AM32: =IFERROR(__xludf.DUMMYFUNCTION("IFERROR(INDEX(FILTER('充填效能'!$R$2:$R$1088, '充填效能'!$A$2:$A$1088=$C32, '充填效能'!$D$2:$D$1088=""排瓶""), 1), 0)"),1) -> 1 | AN32: =IF(AL32=0, 0, $F32/AL32) -> 2.7272727 | AO32: =IFERROR(__xludf.DUMMYFUNCTION("IFERROR(INDEX(FILTER('充填效能'!$Q$2:$Q$1088, '充填效能'!$A$2:$A$1088=$C32, '充填效能'!$D$2:$D$1088=""充填""), 1), 0)"),900) -> 900 | AP32: =IFERROR(__xludf.DUMMYFUNCTION("IFERROR(INDEX(FILTER('充填效能'!$R$2:$R$1088, '充填效能'!$A$2:$A$1088=$C32, '充填效能'!$D$2:$D$1088=""充填""), 1), 0)"),4) -> 4 | AQ32: =IF(AO32=0, 0, $F32/AO32) -> 3.3333333 | AR32: =AP32*AQ32 -> 13.333333
A33: 2201-23021700001-0006 | B33: =DATE(2000 + MID(A33, 6, 2), MID(A33, 8, 2), MID(A33, 10, 2)) -> 44974 | C33: MBY19P2N1P | D33: =MID(C33, 2, 6) -> BY19P2 | E33: 2%水楊酸補水淨白身體乳200ml | F33: 4000 | G33: 45071 | H33: 45061 | I33: 45027 | J33: 45044 | L33: =IFERROR(__xludf.DUMMYFUNCTION("TEXTJOIN("", "", TRUE, UNIQUE(FILTER('製造效能'!$D$2:$D$1732, '製造效能'!$B$2:$B$1732 = D33)))"),"小乳, 大乳") -> 小乳, 大乳 | M33: =IFERROR(__xludf.DUMMYFUNCTION("INDEX(UNIQUE(FILTER('製造效能'!$D$2:$D$1732, ('製造效能'!$B$2:$B$1732 = D33) * ('製造效能'!$J$2:$J$1732 = MAXIFS('製造效能'!$J$2:$J$1732, '製造效能'!$B$2:$B$1732, D33)))), 1) "),"大乳") -> 大乳 | N33: =IFERROR(__xludf.DUMMYFUNCTION("TEXTJOIN("", "", TRUE, UNIQUE(FILTER('製造效能'!$K$2:$K$1732, '製造效能'!$B$2:$B$1732 = D33)))"),"乳項") -> 乳項 | P33: =IFERROR(__xludf.DUMMYFUNCTION("IFERROR(INDEX(FILTER('充填效能'!J$2:J$1088, '充填效能'!$A$2:$A$1088=$C33, '充填效能'!$D$2:$D$1088=""充填""), 1), 0)"),"") | Q33: =IFERROR(__xludf.DUMMYFUNCTION("IFERROR(INDEX(FILTER('充填效能'!K$2:K$1088, '充填效能'!$A$2:$A$1088=$C33, '充填效能'!$D$2:$D$1088=""充填""), 1), 0)"),"") | R33: =IFERROR(__xludf.DUMMYFUNCTION("IFERROR(INDEX(FILTER('充填效能'!I$2:I$1088, '充填效能'!$A$2:$A$1088=$C33, '充填效能'!$D$2:$D$1088=""充填""), 1), 0)"),200.9) -> 200.9 | S33: =COUNTIFS(製造效能!B:B, $D33,製造效能!D:D,M33) -> 3 | T33: =IFERROR(__xludf.DUMMYFUNCTION("VALUE(REGEXEXTRACT(TO_TEXT(R33), ""\d*\.?\d+""))"),200.9) -> 200.9 | U33: =F33*T33*1.015 -> 815654 | V33: =IFERROR(__xludf.DUMMYFUNCTION("IFERROR(INDEX(FILTER('製造效能'!J:J, '製造效能'!A:A=$C33, '製造效能'!D:D=M33, '製造效能'!E:E=""攪料""), 1), INDEX(FILTER('製造效能'!J:J, '製造效能'!B:B=$D33, '製造效能'!D:D=M33, '製造效能'!E:E=""攪料""), 1))"),103) -> 103 | W33: =IFERROR(__xludf.DUMMYFUNCTION("IFERROR(INDEX(FILTER('製造效能'!G:G, '製造效能'!A:A=$C33, '製造效能'!D:D=M33, '製造效能'!E:E=""攪料""), 1), INDEX(FILTER('製造效能'!G:G, '製造效能'!B:B=$D33, '製造效能'!D:D=M33, '製造效能'!E:E=""攪料""), 1))"),180) -> 180 | X33: =ROUNDUP(U33/1000/V33,0) -> 8 | Y33: =W33*X33 -> 1440 | Z33: =IFERROR(__xludf.DUMMYFUNCTION("IFERROR(IFERROR(INDEX(FILTER('製造效能'!G:G, '製造效能'!A:A=$C33, '製造效能'!D:D=M33, '製造效能'!E:E=""預攪""), 1), INDEX(FILTER('製造效能'!G:G, '製造效能'!B:B=$D33, '製造效能'!D:D=M33, '製造效能'!E:E=""預攪""), 1)), 0)"),25) -> 25 | AA33: =IFERROR(__xludf.DUMMYFUNCTION("IFERROR(INDEX(FILTER('製造效能'!G:G, '製造效能'!A:A=$C33, '製造效能'!D:D=M33, '製造效能'!E:E=""清洗""), 1), INDEX(FILTER('製造效能'!G:G, '製造效能'!B:B=$D33, '製造效能'!D:D=M33, '製造效能'!E:E=""清洗""), 1))"),40) -> 40 | AB33: =IFERROR(__xludf.DUMMYFUNCTION("IFERROR(INDEX(FILTER('製造效能'!N:N, '製造效能'!$A:$A=$C33, '製造效能'!$D:$D=$M33, '製造效能'!$E:$E=""攪料""), 1), INDEX(FILTER('製造效能'!N:N, '製造效能'!$B:$B=$D33, '製造效能'!$D:$D=$M33, '製造效能'!$E:$E=""攪料""), 1))"),"") | AC33: =IFERROR(__xludf.DUMMYFUNCTION("IFERROR(INDEX(FILTER('製造效能'!O:O, '製造效能'!$A:$A=$C33, '製造效能'!$D:$D=$M33, '製造效能'!$E:$E=""攪料""), 1), INDEX(FILTER('製造效能'!O:O, '製造效能'!$B:$B=$D33, '製造效能'!$D:$D=$M33, '製造效能'!$E:$E=""攪料""), 1))"),"") | AD33: =IFERROR(__xludf.DUMMYFUNCTION("IFERROR(INDEX(FILTER('製造效能'!P:P, '製造效能'!$A:$A=$C33, '製造效能'!$D:$D=$M33, '製造效能'!$E:$E=""攪料""), 1), INDEX(FILTER('製造效能'!P:P, '製造效能'!$B:$B=$D33, '製造效能'!$D:$D=$M33, '製造效能'!$E:$E=""攪料""), 1))"),"") | AE33: =IFERROR(__xludf.DUMMYFUNCTION("IFERROR(INDEX(FILTER('製造效能'!Q:Q, '製造效能'!$A:$A=$C33, '製造效能'!$D:$D=$M33, '製造效能'!$E:$E=""攪料""), 1), INDEX(FILTER('製造效能'!Q:Q, '製造效能'!$B:$B=$D33, '製造效能'!$D:$D=$M33, '製造效能'!$E:$E=""攪料""), 1))"),1) -> 1 | AF33: =IFERROR(__xludf.DUMMYFUNCTION("IFERROR(INDEX(FILTER('製造效能'!R:R, '製造效能'!$A:$A=$C33, '製造效能'!$D:$D=$M33, '製造效能'!$E:$E=""攪料""), 1), INDEX(FILTER('製造效能'!R:R, '製造效能'!$B:$B=$D33, '製造效能'!$D:$D=$M33, '製造效能'!$E:$E=""攪料""), 1))"),"") | AG33: =IFERROR(__xludf.DUMMYFUNCTION("IFERROR(INDEX(FILTER('製造效能'!S:S, '製造效能'!$A:$A=$C33, '製造效能'!$D:$D=$M33, '製造效能'!$E:$E=""攪料""), 1), INDEX(FILTER('製造效能'!S:S, '製造效能'!$B:$B=$D33, '製造效能'!$D:$D=$M33, '製造效能'!$E:$E=""攪料""), 1))"),"") | AH33: =IFERROR(__xludf.DUMMYFUNCTION("IFERROR(INDEX(FILTER('製造效能'!T:T, '製造效能'!$A:$A=$C33, '製造效能'!$D:$D=$M33, '製造效能'!$E:$E=""攪料""), 1), INDEX(FILTER('製造效能'!T:T, '製造效能'!$B:$B=$D33, '製造效能'!$D:$D=$M33, '製造效能'!$E:$E=""攪料""), 1))"),"") | AI33: =IFERROR(__xludf.DUMMYFUNCTION("IFERROR(INDEX(FILTER('製造效能'!U:U, '製造效能'!$A:$A=$C33, '製造效能'!$D:$D=$M33, '製造效能'!$E:$E=""攪料""), 1), INDEX(FILTER('製造效能'!U:U, '製造效能'!$B:$B=$D33, '製造效能'!$D:$D=$M33, '製造效能'!$E:$E=""攪料""), 1))"),"") | AJ33: =IFERROR(__xludf.DUMMYFUNCTION("IFERROR(INDEX(FILTER('製造效能'!V:V, '製造效能'!$A:$A=$C33, '製造效能'!$D:$D=$M33, '製造效能'!$E:$E=""攪料""), 1), INDEX(FILTER('製造效能'!V:V, '製造效能'!$B:$B=$D33, '製造效能'!$D:$D=$M33, '製造效能'!$E:$E=""攪料""), 1))"),"") | AK33: =COUNTIF(充填效能!$A:$A, $C33) -> 1 | AL33: =IFERROR(__xludf.DUMMYFUNCTION("IFERROR(INDEX(FILTER('充填效能'!$Q$2:$Q$1088, '充填效能'!$A$2:$A$1088=$C33, '充填效能'!$D$2:$D$1088=""排瓶""), 1), 0)"),0) -> 0 | AM33: =IFERROR(__xludf.DUMMYFUNCTION("IFERROR(INDEX(FILTER('充填效能'!$R$2:$R$1088, '充填效能'!$A$2:$A$1088=$C33, '充填效能'!$D$2:$D$1088=""排瓶""), 1), 0)"),0) -> 0 | AN33: =IF(AL33=0, 0, $F33/AL33) -> 0 | AO33: =IFERROR(__xludf.DUMMYFUNCTION("IFERROR(INDEX(FILTER('充填效能'!$Q$2:$Q$1088, '充填效能'!$A$2:$A$1088=$C33, '充填效能'!$D$2:$D$1088=""充填""), 1), 0)"),500) -> 500 | AP33: =IFERROR(__xludf.DUMMYFUNCTION("IFERROR(INDEX(FILTER('充填效能'!$R$2:$R$1088, '充填效能'!$A$2:$A$1088=$C33, '充填效能'!$D$2:$D$1088=""充填""), 1), 0)"),3) -> 3 | AQ33: =IF(AO33=0, 0, $F33/AO33) -> 8 | AR33: =AP33*AQ33 -> 24
A34: 2201-23022200003-0002 | B34: =DATE(2000 + MID(A34, 6, 2), MID(A34, 8, 2), MID(A34, 10, 2)) -> 44979 | C34: MBV23G1G1N | D34: =MID(C34, 2, 6) -> BV23G1 | E34: HHH Treatment Mask 31ml | F34: 30000 | G34: 45063 | H34: 45062 | I34: 45009 | J34: 45044 | L34: =IFERROR(__xludf.DUMMYFUNCTION("TEXTJOIN("", "", TRUE, UNIQUE(FILTER('製造效能'!$D$2:$D$1732, '製造效能'!$B$2:$B$1732 = D34)))"),"大") -> 大 | M34: =IFERROR(__xludf.DUMMYFUNCTION("INDEX(UNIQUE(FILTER('製造效能'!$D$2:$D$1732, ('製造效能'!$B$2:$B$1732 = D34) * ('製造效能'!$J$2:$J$1732 = MAXIFS('製造效能'!$J$2:$J$1732, '製造效能'!$B$2:$B$1732, D34)))), 1) "),"大") -> 大 | N34: =IFERROR(__xludf.DUMMYFUNCTION("TEXTJOIN("", "", TRUE, UNIQUE(FILTER('製造效能'!$K$2:$K$1732, '製造效能'!$B$2:$B$1732 = D34)))"),"水項") -> 水項 | O34: =IFERROR(__xludf.DUMMYFUNCTION("IFERROR(INDEX(FILTER('充填效能'!I$2:I$1088, '充填效能'!$A$2:$A$1088=$C34, '充填效能'!$D$2:$D$1088=""充填""), 1), 0)"),31) -> 31 | P34: =IFERROR(__xludf.DUMMYFUNCTION("IFERROR(INDEX(FILTER('充填效能'!J$2:J$1088, '充填效能'!$A$2:$A$1088=$C34, '充填效能'!$D$2:$D$1088=""充填""), 1), 0)"),"") | Q34: =IFERROR(__xludf.DUMMYFUNCTION("IFERROR(INDEX(FILTER('充填效能'!K$2:K$1088, '充填效能'!$A$2:$A$1088=$C34, '充填效能'!$D$2:$D$1088=""充填""), 1), 0)"),"") | R34: =IFERROR(__xludf.DUMMYFUNCTION("IFERROR(INDEX(FILTER('充填效能'!L$2:L$1088, '充填效能'!$A$2:$A$1088=$C34, '充填效能'!$D$2:$D$1088=""充填""), 1), 0)"),"") | S34: =COUNTIFS(製造效能!B:B, $D34,製造效能!D:D,M34) -> 3 | T34: =IFERROR(__xludf.DUMMYFUNCTION("VALUE(REGEXEXTRACT(TO_TEXT(O34), ""\d*\.?\d+""))"),31) -> 31 | U34: =F34*T34*1.015 -> 943950 | V34: =IFERROR(__xludf.DUMMYFUNCTION("IFERROR(INDEX(FILTER('製造效能'!J:J, '製造效能'!A:A=$C34, '製造效能'!D:D=M34, '製造效能'!E:E=""攪料""), 1), INDEX(FILTER('製造效能'!J:J, '製造效能'!B:B=$D34, '製造效能'!D:D=M34, '製造效能'!E:E=""攪料""), 1))"),400) -> 400 | W34: =IFERROR(__xludf.DUMMYFUNCTION("IFERROR(INDEX(FILTER('製造效能'!G:G, '製造效能'!A:A=$C34, '製造效能'!D:D=M34, '製造效能'!E:E=""攪料""), 1), INDEX(FILTER('製造效能'!G:G, '製造效能'!B:B=$D34, '製造效能'!D:D=M34, '製造效能'!E:E=""攪料""), 1))"),120) -> 120 | X34: =ROUNDUP(U34/1000/V34,0) -> 3 | Y34: =W34*X34 -> 360 | Z34: =IFERROR(__xludf.DUMMYFUNCTION("IFERROR(IFERROR(INDEX(FILTER('製造效能'!G:G, '製造效能'!A:A=$C34, '製造效能'!D:D=M34, '製造效能'!E:E=""預攪""), 1), INDEX(FILTER('製造效能'!G:G, '製造效能'!B:B=$D34, '製造效能'!D:D=M34, '製造效能'!E:E=""預攪""), 1)), 0)"),25) -> 25 | AA34: =IFERROR(__xludf.DUMMYFUNCTION("IFERROR(INDEX(FILTER('製造效能'!G:G, '製造效能'!A:A=$C34, '製造效能'!D:D=M34, '製造效能'!E:E=""清洗""), 1), INDEX(FILTER('製造效能'!G:G, '製造效能'!B:B=$D34, '製造效能'!D:D=M34, '製造效能'!E:E=""清洗""), 1))"),30) -> 30 | AB34: =IFERROR(__xludf.DUMMYFUNCTION("IFERROR(INDEX(FILTER('製造效能'!N:N, '製造效能'!$A:$A=$C34, '製造效能'!$D:$D=$M34, '製造效能'!$E:$E=""攪料""), 1), INDEX(FILTER('製造效能'!N:N, '製造效能'!$B:$B=$D34, '製造效能'!$D:$D=$M34, '製造效能'!$E:$E=""攪料""), 1))"),"") | AC34: =IFERROR(__xludf.DUMMYFUNCTION("IFERROR(INDEX(FILTER('製造效能'!O:O, '製造效能'!$A:$A=$C34, '製造效能'!$D:$D=$M34, '製造效能'!$E:$E=""攪料""), 1), INDEX(FILTER('製造效能'!O:O, '製造效能'!$B:$B=$D34, '製造效能'!$D:$D=$M34, '製造效能'!$E:$E=""攪料""), 1))"),1) -> 1 | AD34: =IFERROR(__xludf.DUMMYFUNCTION("IFERROR(INDEX(FILTER('製造效能'!P:P, '製造效能'!$A:$A=$C34, '製造效能'!$D:$D=$M34, '製造效能'!$E:$E=""攪料""), 1), INDEX(FILTER('製造效能'!P:P, '製造效能'!$B:$B=$D34, '製造效能'!$D:$D=$M34, '製造效能'!$E:$E=""攪料""), 1))"),"") | AE34: =IFERROR(__xludf.DUMMYFUNCTION("IFERROR(INDEX(FILTER('製造效能'!Q:Q, '製造效能'!$A:$A=$C34, '製造效能'!$D:$D=$M34, '製造效能'!$E:$E=""攪料""), 1), INDEX(FILTER('製造效能'!Q:Q, '製造效能'!$B:$B=$D34, '製造效能'!$D:$D=$M34, '製造效能'!$E:$E=""攪料""), 1))"),"") | AF34: =IFERROR(__xludf.DUMMYFUNCTION("IFERROR(INDEX(FILTER('製造效能'!R:R, '製造效能'!$A:$A=$C34, '製造效能'!$D:$D=$M34, '製造效能'!$E:$E=""攪料""), 1), INDEX(FILTER('製造效能'!R:R, '製造效能'!$B:$B=$D34, '製造效能'!$D:$D=$M34, '製造效能'!$E:$E=""攪料""), 1))"),"") | AG34: =IFERROR(__xludf.DUMMYFUNCTION("IFERROR(INDEX(FILTER('製造效能'!S:S, '製造效能'!$A:$A=$C34, '製造效能'!$D:$D=$M34, '製造效能'!$E:$E=""攪料""), 1), INDEX(FILTER('製造效能'!S:S, '製造效能'!$B:$B=$D34, '製造效能'!$D:$D=$M34, '製造效能'!$E:$E=""攪料""), 1))"),1) -> 1 | AH34: =IFERROR(__xludf.DUMMYFUNCTION("IFERROR(INDEX(FILTER('製造效能'!T:T, '製造效能'!$A:$A=$C34, '製造效能'!$D:$D=$M34, '製造效能'!$E:$E=""攪料""), 1), INDEX(FILTER('製造效能'!T:T, '製造效能'!$B:$B=$D34, '製造效能'!$D:$D=$M34, '製造效能'!$E:$E=""攪料""), 1))"),"") | AI34: =IFERROR(__xludf.DUMMYFUNCTION("IFERROR(INDEX(FILTER('製造效能'!U:U, '製造效能'!$A:$A=$C34, '製造效能'!$D:$D=$M34, '製造效能'!$E:$E=""攪料""), 1), INDEX(FILTER('製造效能'!U:U, '製造效能'!$B:$B=$D34, '製造效能'!$D:$D=$M34, '製造效能'!$E:$E=""攪料""), 1))"),"") | AJ34: =IFERROR(__xludf.DUMMYFUNCTION("IFERROR(INDEX(FILTER('製造效能'!V:V, '製造效能'!$A:$A=$C34, '製造效能'!$D:$D=$M34, '製造效能'!$E:$E=""攪料""), 1), INDEX(FILTER('製造效能'!V:V, '製造效能'!$B:$B=$D34, '製造效能'!$D:$D=$M34, '製造效能'!$E:$E=""攪料""), 1))"),"") | AK34: =COUNTIF(充填效能!$A:$A, $C34) -> 3 | AL34: =IFERROR(__xludf.DUMMYFUNCTION("IFERROR(INDEX(FILTER('充填效能'!$Q$2:$Q$1088, '充填效能'!$A$2:$A$1088=$C34, '充填效能'!$D$2:$D$1088=""排瓶""), 1), 0)"),"2700") -> 2700 | AM34: =IFERROR(__xludf.DUMMYFUNCTION("IFERROR(INDEX(FILTER('充填效能'!$R$2:$R$1088, '充填效能'!$A$2:$A$1088=$C34, '充填效能'!$D$2:$D$1088=""排瓶""), 1), 0)"),1) -> 1 | AN34: =IF(AL34=0, 0, $F34/AL34) -> 11.111111 | AO34: =IFERROR(__xludf.DUMMYFUNCTION("IFERROR(INDEX(FILTER('充填效能'!$Q$2:$Q$1088, '充填效能'!$A$2:$A$1088=$C34, '充填效能'!$D$2:$D$1088=""充填""), 1), 0)"),"1000") -> 1000 | AP34: =IFERROR(__xludf.DUMMYFUNCTION("IFERROR(INDEX(FILTER('充填效能'!$R$2:$R$1088, '充填效能'!$A$2:$A$1088=$C34, '充填效能'!$D$2:$D$1088=""充填""), 1), 0)"),4) -> 4 | AQ34: =IF(AO34=0, 0, $F34/AO34) -> 30 | AR34: =AP34*AQ34 -> 120
A35: 2201-23031600002-0001 | B35: =DATE(2000 + MID(A35, 6, 2), MID(A35, 8, 2), MID(A35, 10, 2)) -> 45001 | C35: MEU22E1C1P | D35: =MID(C35, 2, 6) -> EU22E1 | E35: 鳶尾花A醇緊緻精華乳10ML | F35: 10000 | G35: 45077 | H35: 45063 | I35: 45013 | J35: 45058 | L35: =IFERROR(__xludf.DUMMYFUNCTION("TEXTJOIN("", "", TRUE, UNIQUE(FILTER('製造效能'!$D$2:$D$1732, '製造效能'!$B$2:$B$1732 = D35)))"),"小乳, 大乳") -> 小乳, 大乳 | M35: =IFERROR(__xludf.DUMMYFUNCTION("INDEX(UNIQUE(FILTER('製造效能'!$D$2:$D$1732, ('製造效能'!$B$2:$B$1732 = D35) * ('製造效能'!$J$2:$J$1732 = MAXIFS('製造效能'!$J$2:$J$1732, '製造效能'!$B$2:$B$1732, D35)))), 1) "),"大乳") -> 大乳 | N35: =IFERROR(__xludf.DUMMYFUNCTION("TEXTJOIN("", "", TRUE, UNIQUE(FILTER('製造效能'!$K$2:$K$1732, '製造效能'!$B$2:$B$1732 = D35)))"),"乳項") -> 乳項 | P35: =IFERROR(__xludf.DUMMYFUNCTION("IFERROR(INDEX(FILTER('充填效能'!J$2:J$1088, '充填效能'!$A$2:$A$1088=$C35, '充填效能'!$D$2:$D$1088=""充填""), 1), 0)"),"") | Q35: =IFERROR(__xludf.DUMMYFUNCTION("IFERROR(INDEX(FILTER('充填效能'!K$2:K$1088, '充填效能'!$A$2:$A$1088=$C35, '充填效能'!$D$2:$D$1088=""充填""), 1), 0)"),"") | R35: =IFERROR(__xludf.DUMMYFUNCTION("IFERROR(INDEX(FILTER('充填效能'!I$2:I$1088, '充填效能'!$A$2:$A$1088=$C35, '充填效能'!$D$2:$D$1088=""充填""), 1), 0)"),10.1) -> 10.1 | S35: =COUNTIFS(製造效能!B:B, $D35,製造效能!D:D,M35) -> 3 | T35: =IFERROR(__xludf.DUMMYFUNCTION("VALUE(REGEXEXTRACT(TO_TEXT(R35), ""\d*\.?\d+""))"),10.1) -> 10.1 | U35: =F35*T35*1.015 -> 102515 | V35: =IFERROR(__xludf.DUMMYFUNCTION("IFERROR(INDEX(FILTER('製造效能'!J:J, '製造效能'!A:A=$C35, '製造效能'!D:D=M35, '製造效能'!E:E=""攪料""), 1), INDEX(FILTER('製造效能'!J:J, '製造效能'!B:B=$D35, '製造效能'!D:D=M35, '製造效能'!E:E=""攪料""), 1))"),103) -> 103 | W35: =IFERROR(__xludf.DUMMYFUNCTION("IFERROR(INDEX(FILTER('製造效能'!G:G, '製造效能'!A:A=$C35, '製造效能'!D:D=M35, '製造效能'!E:E=""攪料""), 1), INDEX(FILTER('製造效能'!G:G, '製造效能'!B:B=$D35, '製造效能'!D:D=M35, '製造效能'!E:E=""攪料""), 1))"),200) -> 200 | X35: =ROUNDUP(U35/1000/V35,0) -> 1 | Y35: =W35*X35 -> 200 | Z35: =IFERROR(__xludf.DUMMYFUNCTION("IFERROR(IFERROR(INDEX(FILTER('製造效能'!G:G, '製造效能'!A:A=$C35, '製造效能'!D:D=M35, '製造效能'!E:E=""預攪""), 1), INDEX(FILTER('製造效能'!G:G, '製造效能'!B:B=$D35, '製造效能'!D:D=M35, '製造效能'!E:E=""預攪""), 1)), 0)"),135) -> 135 | AA35: =IFERROR(__xludf.DUMMYFUNCTION("IFERROR(INDEX(FILTER('製造效能'!G:G, '製造效能'!A:A=$C35, '製造效能'!D:D=M35, '製造效能'!E:E=""清洗""), 1), INDEX(FILTER('製造效能'!G:G, '製造效能'!B:B=$D35, '製造效能'!D:D=M35, '製造效能'!E:E=""清洗""), 1))"),40) -> 40 | AB35: =IFERROR(__xludf.DUMMYFUNCTION("IFERROR(INDEX(FILTER('製造效能'!N:N, '製造效能'!$A:$A=$C35, '製造效能'!$D:$D=$M35, '製造效能'!$E:$E=""攪料""), 1), INDEX(FILTER('製造效能'!N:N, '製造效能'!$B:$B=$D35, '製造效能'!$D:$D=$M35, '製造效能'!$E:$E=""攪料""), 1))"),"") | AC35: =IFERROR(__xludf.DUMMYFUNCTION("IFERROR(INDEX(FILTER('製造效能'!O:O, '製造效能'!$A:$A=$C35, '製造效能'!$D:$D=$M35, '製造效能'!$E:$E=""攪料""), 1), INDEX(FILTER('製造效能'!O:O, '製造效能'!$B:$B=$D35, '製造效能'!$D:$D=$M35, '製造效能'!$E:$E=""攪料""), 1))"),1) -> 1 | AD35: =IFERROR(__xludf.DUMMYFUNCTION("IFERROR(INDEX(FILTER('製造效能'!P:P, '製造效能'!$A:$A=$C35, '製造效能'!$D:$D=$M35, '製造效能'!$E:$E=""攪料""), 1), INDEX(FILTER('製造效能'!P:P, '製造效能'!$B:$B=$D35, '製造效能'!$D:$D=$M35, '製造效能'!$E:$E=""攪料""), 1))"),"") | AE35: =IFERROR(__xludf.DUMMYFUNCTION("IFERROR(INDEX(FILTER('製造效能'!Q:Q, '製造效能'!$A:$A=$C35, '製造效能'!$D:$D=$M35, '製造效能'!$E:$E=""攪料""), 1), INDEX(FILTER('製造效能'!Q:Q, '製造效能'!$B:$B=$D35, '製造效能'!$D:$D=$M35, '製造效能'!$E:$E=""攪料""), 1))"),1) -> 1 | AF35: =IFERROR(__xludf.DUMMYFUNCTION("IFERROR(INDEX(FILTER('製造效能'!R:R, '製造效能'!$A:$A=$C35, '製造效能'!$D:$D=$M35, '製造效能'!$E:$E=""攪料""), 1), INDEX(FILTER('製造效能'!R:R, '製造效能'!$B:$B=$D35, '製造效能'!$D:$D=$M35, '製造效能'!$E:$E=""攪料""), 1))"),"") | AG35: =IFERROR(__xludf.DUMMYFUNCTION("IFERROR(INDEX(FILTER('製造效能'!S:S, '製造效能'!$A:$A=$C35, '製造效能'!$D:$D=$M35, '製造效能'!$E:$E=""攪料""), 1), INDEX(FILTER('製造效能'!S:S, '製造效能'!$B:$B=$D35, '製造效能'!$D:$D=$M35, '製造效能'!$E:$E=""攪料""), 1))"),"") | AH35: =IFERROR(__xludf.DUMMYFUNCTION("IFERROR(INDEX(FILTER('製造效能'!T:T, '製造效能'!$A:$A=$C35, '製造效能'!$D:$D=$M35, '製造效能'!$E:$E=""攪料""), 1), INDEX(FILTER('製造效能'!T:T, '製造效能'!$B:$B=$D35, '製造效能'!$D:$D=$M35, '製造效能'!$E:$E=""攪料""), 1))"),"") | AI35: =IFERROR(__xludf.DUMMYFUNCTION("IFERROR(INDEX(FILTER('製造效能'!U:U, '製造效能'!$A:$A=$C35, '製造效能'!$D:$D=$M35, '製造效能'!$E:$E=""攪料""), 1), INDEX(FILTER('製造效能'!U:U, '製造效能'!$B:$B=$D35, '製造效能'!$D:$D=$M35, '製造效能'!$E:$E=""攪料""), 1))"),"") | AJ35: =IFERROR(__xludf.DUMMYFUNCTION("IFERROR(INDEX(FILTER('製造效能'!V:V, '製造效能'!$A:$A=$C35, '製造效能'!$D:$D=$M35, '製造效能'!$E:$E=""攪料""), 1), INDEX(FILTER('製造效能'!V:V, '製造效能'!$B:$B=$D35, '製造效能'!$D:$D=$M35, '製造效能'!$E:$E=""攪料""), 1))"),"") | AK35: =COUNTIF(充填效能!$A:$A, $C35) -> 1 | AL35: =IFERROR(__xludf.DUMMYFUNCTION("IFERROR(INDEX(FILTER('充填效能'!$Q$2:$Q$1088, '充填效能'!$A$2:$A$1088=$C35, '充填效能'!$D$2:$D$1088=""排瓶""), 1), 0)"),0) -> 0 | AM35: =IFERROR(__xludf.DUMMYFUNCTION("IFERROR(INDEX(FILTER('充填效能'!$R$2:$R$1088, '充填效能'!$A$2:$A$1088=$C35, '充填效能'!$D$2:$D$1088=""排瓶""), 1), 0)"),0) -> 0 | AN35: =IF(AL35=0, 0, $F35/AL35) -> 0 | AO35: =IFERROR(__xludf.DUMMYFUNCTION("IFERROR(INDEX(FILTER('充填效能'!$Q$2:$Q$1088, '充填效能'!$A$2:$A$1088=$C35, '充填效能'!$D$2:$D$1088=""充填""), 1), 0)"),"1000") -> 1000 | AP35: =IFERROR(__xludf.DUMMYFUNCTION("IFERROR(INDEX(FILTER('充填效能'!$R$2:$R$1088, '充填效能'!$A$2:$A$1088=$C35, '充填效能'!$D$2:$D$1088=""充填""), 1), 0)"),4) -> 4 | AQ35: =IF(AO35=0, 0, $F35/AO35) -> 10 | AR35: =AP35*AQ35 -> 40
